Time,Input,Output
1.13,0.05,48
2.131,0.1250625,47.75
3.132,0.1626125,48
4.133,0.2,47.75
5.134,0.2,47.75
6.135,0.2,47.75
7.136,0.2,47.75
8.137,0.2,47.75
9.138,0.2,47.75
10.139,0.2,47.75
11.14,0.2,48
12.141,0.2,47.75
13.142,0.2,47.75
14.143,0.2,47.75
15.144,0.2,47.75
16.145,0.2,47.75
17.146,0.2,47.75
18.147,0.2,47.75
19.148,0.2,47.75
20.149,0.2,47.75
21.15,0.2,47.75
22.151,0.2,47.75
23.152,0.2,47.75
24.153,0.2,47.75
25.154,0.2,47.75
26.155,0.2,47.75
27.156,0.2,47.75
28.157,0.2,47.75
29.158,0.2,47.75
30.159,0.2,47.75
31.16,0.2,47.75
32.161,0.2,47.75
33.162,0.2,47.75
34.163,0.2,47.75
35.164,0.2,47.75
36.165,0.2,47.75
37.166,0.2,47.75
38.167,0.2,47.75
39.168,0.2,47.75
40.169,0.2,47.75
41.17,0.2,47.75
42.171,0.2,47.75
43.172,0.2,47.75
44.173,0.2,47.75
45.174,0.2,47.75
46.175,0.2,47.75
47.176,0.2,47.75
48.177,0.2,47.75
49.178,0.2,47.75
50.179,0.2,47.75
51.18,0.2,47.75
52.181,0.2,47.75
53.182,0.2,47.75
54.183,0.2,47.75
55.184,0.2,47.75
56.185,0.2,47.75
57.186,0.2,47.75
58.187,0.2,47.75
59.188,0.2,47.75
60.189,0.2,47.75
61.19,0.2,47.75
62.191,0.2,47.75
63.192,0.2,47.75
64.193,0.2,47.75
65.194,0.2,47.75
66.195,0.2,47.75
67.196,0.2,47.75
68.197,0.2,47.75
69.198,0.2,47.75
70.199,0.2,48
71.2,0.2,47.75
72.201,0.2,47.75
73.202,0.2,47.75
74.203,0.2,47.75
75.204,0.2,47.75
76.205,0.2,47.75
77.206,0.2,47.75
78.207,0.2,47.75
79.208,0.2,47.75
80.209,0.2,47.75
81.21,0.2,47.75
82.211,0.2,47.75
83.212,0.2,48
84.213,0.2,47.75
85.214,0.2,47.75
86.215,0.2,47.75
87.216,0.2,48
88.217,0.2,48
89.218,0.2,47.75
90.219,0.2,48
91.22,0.2,47.75
92.221,0.2,47.75
93.222,0.2,47.75
94.223,0.2,48
95.224,0.2,48
96.225,0.2,48
97.226,0.2,48
98.227,0.2,48
99.228,0.2,48
100.229,0.2,48
101.23,0.2,48
102.231,0.2,48
103.232,0.2,48
104.233,0.2,48
105.234,0.2,48
106.235,0.2,48
107.236,0.2,48
108.237,0.2,48
109.238,0.2,48
110.239,0.2,48
111.24,0.2,48
112.241,0.2,48
113.242,0.2,48
114.243,0.2,48
115.244,0.2,48
116.245,0.2,48
117.246,0.2,48
118.247,0.2,48
119.248,0.2,48
120.249,0.2,48
121.25,0.2,48
122.251,0.2,48
123.252,0.2,48
124.253,0.2,48
125.254,0.2,48
126.255,0.2,48
127.256,0.2,48
128.257,0.2,48
129.258,0.2,48.25
130.259,0.2,48.25
131.26,0.2,48
132.261,0.2,48
133.262,0.2,48
134.263,0.2,48.25
135.264,0.2,48.25
136.265,0.2,48.25
137.266,0.2,48.25
138.267,0.2,48
139.268,0.2,48.25
140.269,0.2,48.25
141.27,0.2,48.25
142.271,0.2,48.25
143.272,0.2,48.25
144.273,0.2,48.25
145.274,0.2,48.25
146.275,0.2,48.25
147.276,0.2,48.25
148.277,0.2,48.25
149.278,0.2,48.25
150.279,0.2,48.25
151.28,0.2,48.25
152.281,0.2,48.25
153.282,0.2,48.25
154.283,0.2,48.25
155.284,0.2,48.25
156.285,0.2,48.25
157.286,0.2,48.25
158.287,0.2,48.25
159.288,0.2,48.25
160.289,0.2,48.25
161.29,0.2,48.25
162.291,0.2,48.5
163.292,0.2,48.5
164.293,0.2,48.5
165.294,0.2,48.5
166.295,0.2,48.5
167.296,0.2,48.5
168.297,0.2,48.5
169.298,0.2,48.5
170.299,0.2,48.5
171.3,0.2,48.5
172.301,0.2,48.5
173.302,0.2,48.5
174.303,0.2,48.5
175.304,0.2,48.5
176.305,0.2,48.5
177.306,0.2,48.5
178.307,0.2,48.5
179.308,0.2,48.5
180.309,0.2,48.5
181.31,0.2,48.5
182.311,0.2,48.5
183.312,0.2,48.5
184.313,0.2,48.5
185.314,0.2,48.75
186.315,0.2,48.5
187.316,0.2,48.75
188.317,0.2,48.75
189.318,0.2,48.75
190.319,0.2,48.75
191.32,0.2,48.75
192.321,0.2,48.75
193.322,0.2,48.75
194.323,0.2,48.75
195.324,0.2,48.75
196.325,0.2,48.75
197.326,0.2,48.75
198.327,0.2,48.75
199.328,0.2,48.75
200.329,0.2,48.75
201.33,0.2,48.75
202.331,0.2,48.75
203.332,0.2,48.75
204.333,0.2,48.75
205.334,0.2,48.75
206.335,0.1876875,49
207.336,0.1876875,49
208.337,0.1876875,49
209.338,0.1876875,49
210.339,0.1876875,49
211.34,0.1876875,49
212.341,0.1876875,49
213.342,0.1876875,49
214.343,0.1876875,49
215.344,0.1876875,49
216.345,0.1876875,49
217.346,0.1876875,49
218.347,0.1876875,49
219.348,0.1876875,49
220.349,0.1876875,49
221.35,0.1876875,49
222.351,0.1876875,49
223.352,0.1876875,49
224.353,0.1876875,49
225.354,0.1876875,49
226.355,0.162675,49.25
227.356,0.175175,49
228.357,0.1501625,49.25
229.358,0.13765,49.25
230.359,0.1251375,49.25
231.36,0.112625,49.25
232.361,0.1001125,49.25
233.362,0.0876,49.25
234.363,0.0750875,49.25
235.364,0.062575,49.25
236.365,0.0500625,49.25
237.366,0.03755,49.25
238.367,0.0250375,49.25
239.368,0.012525,49.25
240.369,1.25E-05,49.25
241.37,0,49.25
242.371,0,49.25
243.372,0,49.5
244.373,0,49.25
245.374,0,49.25
246.375,0,49.5
247.376,0,49.5
248.377,0,49.5
249.378,0,49.5
250.379,0,49.5
251.38,0,49.5
252.381,0,49.5
253.382,0,49.5
254.383,0,49.5
255.384,0,49.5
256.385,0,49.5
257.386,0,49.5
258.387,0,49.5
259.388,0,49.75
260.389,0,49.5
261.39,0,49.5
262.391,0,49.5
263.392,0,49.75
264.393,0,49.75
265.394,0,49.5
266.395,0,49.75
267.397,0,49.75
268.397,0,49.5
269.398,0,49.75
270.399,0,49.75
271.4,0,49.75
272.401,0,49.75
273.402,0,49.75
274.403,0,49.75
275.404,0,49.75
276.405,0,49.75
277.406,0,49.75
278.407,0,49.75
279.408,0,49.75
280.409,0,49.75
281.41,0,50
282.411,0,49.75
283.412,0,50
284.413,0,49.75
285.414,0,49.75
286.415,0,49.75
287.416,0,49.75
288.417,0,49.75
289.418,0,50
290.419,0,50
291.42,0,50
292.421,0,50
293.422,0,50
294.423,0,50
295.424,0,50
296.425,0,50
297.426,0,50
298.427,0,50
299.428,0,50
300.429,0,50
301.43,0,50
302.431,0,50
303.432,0,50
304.433,0,50
305.434,0,50.25
306.435,0,50
307.436,0,50
308.437,0,50.25
309.438,0,50.25
310.439,0,50
311.44,0,50
312.441,0,50.25
313.442,0,50.25
314.443,0,50.25
315.444,0,50.25
316.445,0,50.25
317.446,0,50.25
318.447,0,50.25
319.448,0,50.25
320.449,0,50.25
321.45,0,50.25
322.451,0,50.25
323.452,0,50.25
324.453,0,50.25
325.454,0,50.25
326.455,0,50.25
327.456,0,50.25
328.457,0,50.25
329.458,0,50.25
330.459,0,50.25
331.46,0,50.25
332.461,0,50.25
333.462,0,50.5
334.463,0,50.25
335.464,0,50.25
336.465,0,50.5
337.466,0,50.25
338.467,0,50.25
339.468,0,50.25
340.469,0,50.25
341.47,0,50.25
342.471,0,50.25
343.472,0,50.5
344.473,0,50.5
345.474,0,50.5
346.475,0,50.5
347.476,0,50.5
348.477,0,50.5
349.478,0,50.5
350.479,0,50.5
351.48,0,50.5
352.481,0,50.5
353.482,0,50.5
354.483,0,50.5
355.484,0,50.5
356.485,0,50.5
357.486,0,50.5
358.487,0,50.5
359.488,0,50.5
360.489,0,50.5
361.49,0,50.5
362.491,0,50.5
363.492,0,50.5
364.493,0,50.5
365.494,0,50.5
366.495,0,50.5
367.496,0,50.5
368.497,0,50.5
369.498,0,50.5
370.499,0,50.5
371.5,0,50.5
372.501,0,50.5
373.502,0,50.5
374.503,0,50.5
375.504,0,50.5
376.505,0,50.5
377.506,0,50.5
378.507,0,50.5
379.508,0,50.5
380.509,0,50.75
381.51,0,50.5
382.511,0,50.5
383.512,0,50.75
384.513,0,50.5
385.514,0,50.75
386.515,0,50.5
387.516,0,50.5
388.517,0,50.5
389.518,0,50.5
390.519,0,50.75
391.52,0,50.75
392.521,0,50.75
393.522,0,50.75
394.523,0,50.5
395.524,0,50.75
396.525,0,50.5
397.526,0,50.5
398.527,0,50.5
399.528,0,50.75
400.529,0,50.75
401.53,0,50.5
402.531,0,50.75
403.532,0,50.75
404.533,0,50.75
405.534,0,50.75
406.535,0,50.75
407.536,0,50.75
408.537,0,50.75
409.538,0,50.75
410.539,0,50.75
411.54,0,50.75
412.541,0,50.75
413.542,0,50.75
414.543,0,50.75
415.544,0,50.75
416.545,0,50.75
417.546,0,50.75
418.547,0,50.75
419.548,0,50.75
420.549,0,50.75
421.55,0,50.75
422.551,0,50.75
423.552,0,50.75
424.553,0,50.75
425.554,0,50.75
426.555,0,50.75
427.556,0,50.75
428.557,0,50.75
429.558,0,50.75
430.559,0,50.75
431.56,0,50.75
432.561,0,50.75
433.562,0,50.75
434.563,0,50.75
435.564,0,50.75
436.565,0,50.75
437.566,0,50.75
438.567,0,50.75
439.568,0,50.75
440.569,0,50.75
441.57,0,50.75
442.571,0,50.75
443.572,0,50.75
444.573,0,50.75
445.574,0,50.75
446.575,0,50.75
447.576,0,50.75
448.577,0,50.75
449.578,0,50.75
450.579,0,50.75
451.58,0,50.75
452.582,0,50.75
453.582,0,50.75
454.583,0,50.75
455.584,0,50.75
456.585,0,50.75
457.586,0,50.75
458.587,0,50.75
459.588,0,50.75
460.59,0,50.75
461.59,0,50.75
462.591,0,50.75
463.592,0,50.75
464.593,0,50.75
465.594,0,50.75
466.595,0,50.75
467.596,0,50.75
468.597,0,50.75
469.598,0,50.75
470.599,0,50.75
471.6,0,50.75
472.601,0,50.75
473.602,0,50.75
474.603,0,50.75
475.604,0,50.75
476.605,0,50.75
477.606,0,50.75
478.608,0,50.75
479.608,0,50.75
480.61,0,50.75
481.61,0,50.75
482.611,0,50.75
483.612,0,50.75
484.613,0,50.75
485.614,0,50.75
486.615,0,50.75
487.616,0,50.75
488.617,0,50.75
489.618,0,50.75
490.619,0,50.75
491.62,0,50.75
492.621,0,50.75
493.622,0,50.75
494.623,0,50.75
495.624,0,50.75
496.625,0,50.75
497.626,0,50.75
498.627,0,50.75
499.628,0,50.75
500.629,0,50.75
501.63,0,50.75
502.631,0,50.75
503.632,0,50.75
504.633,0,50.75
505.634,0,50.75
506.635,0,50.75
507.636,0,50.75
508.637,0,50.75
509.638,0,50.75
510.639,0,50.75
511.64,0,50.75
512.641,0,50.75
513.642,0,50.75
514.643,0,50.75
515.644,0,50.75
516.645,0,50.75
517.646,0,50.75
518.647,0,50.75
519.648,0,50.75
520.649,0,50.75
521.65,0,50.75
522.651,0,50.75
523.652,0,50.75
524.653,0,50.75
525.654,0,50.75
526.655,0,50.75
527.656,0,50.75
528.657,0,50.75
529.658,0,50.75
530.659,0,50.75
531.66,0,50.75
532.661,0,50.75
533.662,0,50.75
534.663,0,50.75
535.664,0,50.75
536.665,0,50.75
537.666,0,50.75
538.667,0,50.75
539.669,0,50.75
540.669,0,50.75
541.67,0,50.75
542.671,0,50.75
543.672,0,50.75
544.673,0,50.5
545.674,0,50.75
546.675,0,50.75
547.676,0,50.5
548.677,0,50.75
549.678,0,50.75
550.679,0,50.5
551.68,0,50.75
552.682,0,50.75
553.682,0,50.75
554.683,0,50.75
555.684,0,50.5
556.686,0,50.5
557.686,0,50.75
558.687,0,50.75
559.688,0,50.75
560.689,0,50.5
561.691,0,50.75
562.691,0,50.75
563.693,0,50.5
564.693,0,50.75
565.694,0,50.75
566.695,0,50.5
567.696,0,50.5
568.697,0,50.5
569.698,0,50.5
570.699,0,50.75
571.701,0,50.75
572.701,0,50.5
573.702,0,50.75
574.703,0,50.75
575.704,0,50.75
576.705,0,50.75
577.706,0,50.5
578.707,0,50.5
579.708,0,50.5
580.71,0,50.5
581.711,0,50.5
582.711,0,50.5
583.712,0,50.5
584.714,0,50.5
585.714,0,50.5
586.716,0,50.5
587.716,0,50.5
588.717,0,50.5
589.718,0,50.5
590.719,0,50.5
591.72,0,50.5
592.721,0,50.5
593.723,0,50.5
594.723,0,50.5
595.724,0,50.5
596.725,0,50.5
597.726,0,50.5
598.727,0,50.5
599.729,0,50.5
600.729,0,50.5
601.731,0,50.5
602.732,0,50.5
603.732,0,50.5
604.733,0,50.5
605.735,0,50.5
606.736,0,50.5
607.737,0,50.5
608.737,0,50.5
609.738,0,50.5
610.74,0,50.5
611.741,0,50.5
612.742,0,50.5
613.743,0,50.5
614.743,0,50.5
615.744,0,50.5
616.745,0,50.5
617.747,0,50.5
618.748,0,50.5
619.749,0,50.5
620.749,0,50.5
621.751,0,50.5
622.752,0,50.5
623.753,0,50.5
624.753,0,50.5
625.755,0,50.5
626.756,0,50.5
627.757,0,50.5
628.757,0,50.5
629.759,0,50.5
630.76,0,50.5
631.761,0,50.5
632.762,0,50.5
633.763,0,50.5
634.763,0,50.5
635.764,0,50.5
636.766,0,50.5
637.767,0,50.5
638.768,0,50.5
639.768,0,50.5
640.77,0,50.5
641.771,0,50.5
642.772,0,50.5
643.773,0,50.5
644.774,0,50.5
645.775,0,50.5
646.776,0,50.5
647.777,0,50.5
648.778,0,50.5
649.778,0,50.5
650.779,0,50.5
651.781,0,50.5
652.782,0,50.5
653.783,0,50.5
654.784,0,50.5
655.785,0,50.5
656.786,0,50.5
657.787,0,50.5
658.788,0,50.5
659.788,0,50.5
660.789,0,50.5
661.791,0,50.5
662.792,0,50.5
663.793,0,50.5
664.794,0,50.5
665.795,0,50.5
666.796,0,50.5
667.797,0,50.25
668.798,0,50.25
669.799,0,50.5
670.8,0,50.5
671.801,0,50.5
672.802,0,50.25
673.803,0,50.25
674.804,0,50.25
675.805,0,50.25
676.806,0,50.25
677.807,0,50.25
678.808,0,50.5
679.809,0,50.25
680.81,0,50.25
681.811,0,50.25
682.812,0,50.25
683.813,0,50.25
684.814,0,50.25
685.815,0,50.5
686.816,0,50.25
687.817,0,50.25
688.818,0,50.25
689.819,0,50.25
690.82,0,50.25
691.821,0,50.25
692.822,0,50.5
693.823,0,50.25
694.824,0,50.25
695.825,0,50.25
696.826,0,50.25
697.827,0,50.25
698.828,0,50.25
699.829,0,50.25
700.83,0,50.25
701.831,0,50.25
702.832,0,50.25
703.833,0,50.25
704.834,0,50.25
705.835,0,50.25
706.836,0,50.25
707.837,0,50.25
708.838,0,50.25
709.839,0,50.25
710.84,0,50.25
711.841,0,50.25
712.842,0,50.25
713.843,0,50.25
714.844,0,50.25
715.845,0,50.25
716.846,0,50.25
717.847,0,50.25
718.848,0,50.25
719.849,0,50.25
720.85,0,50.25
721.851,0,50.25
722.852,0,50.25
723.853,0,50.25
724.854,0,50.25
725.855,0,50.25
726.856,0,50.25
727.857,0,50.25
728.858,0,50.25
729.859,0,50.25
730.86,0,50.25
731.861,0,50.25
732.862,0,50.25
733.863,0,50.25
734.864,0,50.25
735.865,0,50.25
736.866,0,50.25
737.867,0,50.25
738.868,0,50.25
739.869,0,50.25
740.87,0,50.25
741.871,0,50.25
742.872,0,50.25
743.873,0,50
744.874,0,50.25
745.875,0,50.25
746.876,0,50.25
747.877,0,50.25
748.878,0,50.25
749.879,0,50.25
750.88,0,50.25
751.881,0,50.25
752.882,0,50.25
753.883,0,50.25
754.884,0,50.25
755.885,0,50.25
756.886,0,50.25
757.887,0,50.25
758.888,0,50.25
759.889,0,50.25
760.89,0,50.25
761.891,0,50
762.892,0,50.25
763.893,0,50
764.894,0,50.25
765.895,0,50.25
766.896,0,50
767.897,0,50
768.898,0,50
769.899,0,50
770.9,0,50.25
771.901,0,50.25
772.902,0,50.25
773.903,0,50.25
774.904,0,50.25
775.905,0,50
776.906,0,50
777.907,0,50.25
778.908,0,50
779.909,0,50
780.91,0,50.25
781.911,0,50
782.912,0,50
783.913,0,50.25
784.914,0,50
785.915,0,50
786.916,0,50.25
787.917,0,50
788.918,0,50
789.919,0,50
790.92,0,50.25
791.921,0,50
792.922,0,50
793.923,0,50
794.924,0,50
795.925,0,50
796.926,0,50
797.927,0,50
798.928,0,50
799.929,0,50
800.93,0,50
801.931,0,50
802.932,0,50
803.933,0,50
804.934,0,50
805.935,0,50
806.936,0,50
807.937,0,50
808.938,0,50
809.939,0,50
810.94,0,50
811.941,0,50
812.942,0,50
813.943,0,50
814.944,0,50
815.945,0,50
816.946,0,50
817.947,0,50
818.948,0,50
819.949,0,50
820.95,0,50
821.951,0,50
822.952,0,50
823.953,0,50
824.954,0,50
825.955,0,50
826.956,0,50
827.957,0,50
828.958,0,50
829.959,0,50
830.96,0,50
831.961,0,50
832.962,0,50
833.963,0,50
834.964,0,50
835.965,0,50
836.966,0,50
837.967,0,50
838.968,0,50
839.969,0,50
840.97,0,50
841.971,0,50
842.972,0,50
843.973,0,50
844.974,0,50
845.975,0,50
846.976,0,50
847.977,0,50
848.978,0,50
849.979,0,50
850.98,0,50
851.981,0,50
852.982,0,50
853.983,0,50
854.984,0,50
855.985,0,50
856.986,0,49.75
857.987,0,50
858.988,0,49.75
859.989,0,50
860.99,0,49.75
861.991,0,50
862.992,0,50
863.993,0,50
864.994,0,50
865.995,0,49.75
866.996,0,50
867.997,0,49.75
868.998,0,49.75
869.999,0,49.75
871,0,49.75
872.001,0,49.75
873.002,0,49.75
874.003,0,50
875.004,0,50
876.005,0,49.75
877.006,0,49.75
878.007,0,49.75
879.008,0,49.75
880.009,0,49.75
881.01,0,49.75
882.011,0,49.75
883.012,0,49.75
884.013,0,49.75
885.014,0,49.75
886.015,0,49.75
887.016,0,49.75
888.017,0,49.75
889.018,0,49.75
890.019,0,49.75
891.02,0,49.75
892.021,0,49.75
893.022,0,49.75
894.023,0,49.75
895.024,0,49.75
896.025,0,49.75
897.026,0,49.75
898.027,0,49.75
899.028,0,49.75
900.029,0,49.75
901.03,0,49.75
902.031,0,49.75
903.032,0,49.75
904.033,0,49.75
905.034,0,49.75
906.035,0,49.75
907.036,0,49.75
908.037,0,49.75
909.038,0,49.75
910.039,0,49.75
911.04,0,49.75
912.041,0,49.75
913.042,0,49.75
914.043,0,49.75
915.044,0,49.75
916.045,0,49.75
917.046,0,49.75
918.047,0,49.75
919.048,0,49.75
920.049,0,49.75
921.05,0,49.75
922.051,0,49.75
923.052,0,49.75
924.053,0,49.75
925.054,0,49.75
926.055,0,49.75
927.056,0,49.75
928.057,0,49.75
929.058,0,49.75
930.059,0,49.75
931.06,0,49.75
932.061,0,49.75
933.062,0,49.75
934.063,0,49.75
935.064,0,49.75
936.065,0,49.75
937.066,0,49.75
938.067,0,49.75
939.068,0,49.75
940.069,0,49.75
941.07,0,49.75
942.071,0,49.75
943.072,0,49.75
944.073,0,49.5
945.074,0,49.75
946.075,0,49.75
947.076,0,49.5
948.077,0,49.75
949.078,0,49.75
950.079,0,49.75
951.08,0,49.75
952.081,0,49.75
953.082,0,49.75
954.083,0,49.5
955.084,0,49.5
956.085,0,49.5
957.086,0,49.75
958.087,0,49.5
959.088,0,49.5
960.089,0,49.5
961.09,0,49.5
962.091,0,49.75
963.092,0,49.75
964.093,0,49.5
965.094,0,49.5
966.095,0,49.5
967.096,0,49.5
968.097,0,49.5
969.098,0,49.75
970.099,0,49.5
971.1,0,49.5
972.101,0,49.5
973.102,0,49.5
974.103,0,49.5
975.104,0,49.75
976.105,0,49.5
977.106,0,49.5
978.107,0,49.5
979.108,0,49.5
980.109,0,49.5
981.11,0,49.5
982.111,0,49.5
983.112,0,49.5
984.113,0,49.5
985.114,0,49.5
986.115,0,49.5
987.116,0,49.5
988.117,0,49.5
989.118,0,49.5
990.119,0,49.5
991.12,0,49.5
992.121,0,49.5
993.122,0,49.5
994.123,0,49.5
995.124,0,49.5
996.125,0,49.5
997.126,0,49.5
998.127,0,49.5
999.128,0,49.5
1000.129,0,49.5
1001.13,0,49.5
1002.131,0,49.5
1003.132,0,49.5
1004.133,0,49.5
1005.134,0,49.5
1006.135,0,49.5
1007.136,0,49.5
1008.137,0,49.5
1009.138,0,49.5
1010.139,0,49.5
1011.14,0,49.5
1012.141,0,49.5
1013.142,0,49.5
1014.143,0,49.5
1015.144,0,49.5
1016.145,0,49.5
1017.146,0,49.5
1018.147,0,49.5
1019.148,0,49.5
1020.149,0,49.5
1021.15,0,49.5
1022.151,0,49.5
1023.152,0,49.5
1024.153,0,49.5
1025.154,0,49.5
1026.155,0,49.5
1027.156,0,49.5
1028.157,0,49.5
1029.158,0,49.5
1030.159,0,49.5
1031.16,0,49.5
1032.161,0,49.5
1033.162,0,49.5
1034.163,0,49.5
1035.164,0,49.5
1036.165,0,49.5
1037.166,0,49.5
1038.167,0,49.5
1039.168,0,49.5
1040.169,0,49.5
1041.17,0,49.5
1042.171,0,49.5
1043.172,0,49.5
1044.173,0,49.5
1045.174,0,49.5
1046.175,0,49.5
1047.176,0,49.5
1048.177,0,49.5
1049.178,0,49.5
1050.179,0,49.25
1051.18,0,49.5
1052.181,0,49.5
1053.182,0,49.5
1054.183,0,49.25
1055.184,0,49.25
1056.185,0,49.5
1057.186,0,49.25
1058.187,0,49.25
1059.188,0,49.5
1060.189,0,49.25
1061.19,0,49.5
1062.191,0,49.25
1063.192,0,49.25
1064.193,0,49.5
1065.194,0,49.25
1066.195,0,49.25
1067.196,0,49.5
1068.197,0,49.25
1069.198,0,49.25
1070.199,0,49.25
1071.2,0,49.25
1072.201,0,49.25
1073.202,0,49.25
1074.203,0,49.25
1075.204,0,49.25
1076.205,0,49.25
1077.206,0,49.25
1078.207,0,49.5
1079.208,0,49.25
1080.209,0,49.25
1081.21,0,49.25
1082.211,0,49.25
1083.212,0,49.25
1084.213,0,49.25
1085.214,0,49.25
1086.215,0,49.25
1087.216,0,49.25
1088.217,0,49.25
1089.218,0,49.25
1090.219,0,49.25
1091.22,0,49.25
1092.221,0,49.25
1093.222,0,49.25
1094.223,0,49.25
1095.224,0,49.25
1096.225,0,49.25
1097.226,0,49.25
1098.227,0,49.25
1099.228,0,49.25
1100.229,0,49.25
1101.23,0,49.25
1102.231,0,49.25
1103.232,0,49.25
1104.233,0,49.25
1105.234,0,49.25
1106.235,0,49.25
1107.236,0,49.25
1108.237,0,49.25
1109.238,0,49.25
1110.239,0,49.25
1111.24,0,49.25
1112.241,0,49.25
1113.242,0,49.25
1114.243,0,49.25
1115.244,0,49.25
1116.245,0,49.25
1117.246,0,49.25
1118.247,0,49.25
1119.248,0,49.25
1120.249,0,49.25
1121.25,0,49.25
1122.251,0,49.25
1123.252,0,49.25
1124.253,0,49.25
1125.254,0,49.25
1126.255,0,49.25
1127.256,0,49.25
1128.257,0,49.25
1129.258,0,49.25
1130.259,0,49.25
1131.26,0,49.25
1132.261,0,49.25
1133.262,0,49.25
1134.263,0,49.25
1135.264,0,49.25
1136.265,0,49.25
1137.266,0,49.25
1138.267,0,49.25
1139.268,0,49.25
1140.269,0,49.25
1141.27,0,49.25
1142.271,0,49.25
1143.272,0,49.25
1144.273,0,49.25
1145.274,0,49.25
1146.275,0,49.25
1147.276,2.22E-16,49
1148.277,0,49.25
1149.278,0,49.25
1150.279,0,49.25
1151.28,2.22E-16,49
1152.281,0,49.25
1153.282,0,49.25
1154.283,0,49.25
1155.284,0,49.25
1156.285,0,49.25
1157.286,0,49.25
1158.287,2.22E-16,49
1159.288,2.22E-16,49
1160.289,0,49.25
1161.29,2.22E-16,49
1162.291,2.22E-16,49
1163.292,2.22E-16,49
1164.293,2.22E-16,49
1165.294,2.22E-16,49
1166.295,2.22E-16,49
1167.296,0,49.25
1168.297,2.22E-16,49
1169.298,2.22E-16,49
1170.299,0,49.25
1171.3,2.22E-16,49
1172.301,2.22E-16,49
1173.302,2.22E-16,49
1174.303,2.22E-16,49
1175.304,2.22E-16,49
1176.305,2.22E-16,49
1177.306,0,49.25
1178.307,2.22E-16,49
1179.308,2.22E-16,49
1180.309,2.22E-16,49
1181.31,2.22E-16,49
1182.311,0,49.25
1183.312,2.22E-16,49
1184.313,2.22E-16,49
1185.314,2.22E-16,49
1186.315,2.22E-16,49
1187.316,2.22E-16,49
1188.317,2.22E-16,49
1189.318,2.22E-16,49
1190.319,2.22E-16,49
1191.32,2.22E-16,49
1192.321,2.22E-16,49
1193.322,2.22E-16,49
1194.323,2.22E-16,49
1195.324,2.22E-16,49
1196.325,2.22E-16,49
1197.326,2.22E-16,49
1198.327,2.22E-16,49
1199.328,2.22E-16,49
1200.329,2.22E-16,49
1201.33,2.22E-16,49
1202.331,2.22E-16,49
1203.332,2.22E-16,49
1204.333,2.22E-16,49
1205.334,2.22E-16,49
1206.335,2.22E-16,49
1207.336,2.22E-16,49
1208.337,2.22E-16,49
1209.338,2.22E-16,49
1210.339,2.22E-16,49
1211.34,2.22E-16,49
1212.341,2.22E-16,49
1213.342,2.22E-16,49
1214.343,2.22E-16,49
1215.344,2.22E-16,49
1216.345,2.22E-16,49
1217.346,2.22E-16,49
1218.347,2.22E-16,49
1219.348,2.22E-16,49
1220.349,2.22E-16,49
1221.35,2.22E-16,49
1222.351,2.22E-16,49
1223.352,2.22E-16,49
1224.353,2.22E-16,49
1225.354,2.22E-16,49
1226.355,2.22E-16,49
1227.356,2.22E-16,49
1228.357,2.22E-16,49
1229.358,2.22E-16,49
1230.359,2.22E-16,49
1231.36,2.22E-16,49
1232.361,2.22E-16,49
1233.362,2.22E-16,49
1234.363,2.22E-16,49
1235.364,2.22E-16,49
1236.365,2.22E-16,49
1237.366,2.22E-16,49
1238.367,2.22E-16,49
1239.368,2.22E-16,49
1240.369,2.22E-16,49
1241.37,2.22E-16,49
1242.371,2.22E-16,49
1243.372,2.22E-16,49
1244.373,0.0250125,48.75
1245.374,0.037525,48.75
1246.375,0.025025,49
1247.376,0.025025,49
1248.377,0.025025,49
1249.378,0.025025,49
1250.379,0.025025,49
1251.38,0.0500375,48.75
1252.381,0.0375375,49
1253.382,0.0375375,49
1254.383,0.0375375,49
1255.384,0.0375375,49
1256.385,0.0375375,49
1257.386,0.0375375,49
1258.387,0.06255,48.75
1259.388,0.05005,49
1260.389,0.0750625,48.75
1261.39,0.0625625,49
1262.391,0.087575,48.75
1263.392,0.075075,49
1264.393,0.1000875,48.75
1265.394,0.0875875,49
1266.395,0.1126,48.75
1267.396,0.1001,49
1268.397,0.1251125,48.75
1269.398,0.1126125,49
1270.399,0.137625,48.75
1271.4,0.1501375,48.75
1272.401,0.1376375,49
1273.402,0.16265,48.75
1274.403,0.15015,49
1275.404,0.1751625,48.75
1276.405,0.187675,48.75
1277.406,0.175175,49
1278.407,0.175175,49
1279.408,0.2,48.75
1280.409,0.2,48.75
1281.41,0.2,48.75
1282.411,0.2,48.75
1283.412,0.2,48.75
1284.413,0.2,48.75
1285.414,0.2,48.75
1286.415,0.2,48.75
1287.416,0.2,48.75
1288.417,0.2,48.75
1289.418,0.2,48.75
1290.419,0.2,48.75
1291.42,0.2,48.75
1292.421,0.2,48.75
1293.422,0.2,48.75
1294.423,0.2,48.75
1295.424,0.2,48.75
1296.425,0.2,48.75
1297.426,0.2,48.75
1298.427,0.2,48.75
1299.428,0.2,48.75
1300.429,0.2,48.75
1301.43,0.2,48.75
1302.431,0.2,48.75
1303.432,0.2,48.75
1304.433,0.2,48.75
1305.434,0.2,48.75
1306.435,0.2,48.75
1307.436,0.2,48.75
1308.437,0.2,48.75
1309.438,0.2,48.75
1310.439,0.2,48.75
1311.44,0.2,48.75
1312.441,0.2,48.75
1313.442,0.2,48.75
1314.443,0.2,48.75
1315.444,0.2,48.75
1316.445,0.2,48.75
1317.446,0.2,48.75
1318.447,0.2,48.75
1319.448,0.2,48.75
1320.449,0.2,48.75
1321.45,0.2,48.75
1322.451,0.2,48.75
1323.452,0.2,48.75
1324.453,0.2,48.75
1325.454,0.2,48.75
1326.455,0.2,48.75
1327.456,0.2,48.75
1328.457,0.2,48.75
1329.458,0.2,48.75
1330.459,0.2,48.75
1331.46,0.2,48.75
1332.461,0.2,48.75
1333.462,0.2,48.75
1334.463,0.2,48.75
1335.464,0.2,48.75
1336.465,0.2,48.75
1337.466,0.2,48.75
1338.467,0.2,48.75
1339.468,0.2,48.75
1340.469,0.2,48.75
1341.47,0.2,48.75
1342.471,0.2,48.75
1343.472,0.2,48.75
1344.473,0.2,48.75
1345.474,0.2,48.75
1346.475,0.2,48.75
1347.476,0.1876875,49
1348.477,0.2,48.75
1349.478,0.2,48.75
1350.479,0.2,48.75
1351.48,0.1876875,49
1352.481,0.2,48.75
1353.482,0.1876875,49
1354.483,0.2,48.75
1355.484,0.2,48.75
1356.485,0.2,48.75
1357.486,0.1876875,49
1358.487,0.1876875,49
1359.488,0.1876875,49
1360.489,0.1876875,49
1361.49,0.1876875,49
1362.491,0.1876875,49
1363.492,0.2,48.75
1364.493,0.1876875,49
1365.494,0.1876875,49
1366.495,0.1876875,49
1367.496,0.1876875,49
1368.497,0.1876875,49
1369.498,0.1876875,49
1370.499,0.1876875,49
1371.5,0.1876875,49
1372.501,0.1876875,49
1373.502,0.1876875,49
1374.503,0.1876875,49
1375.504,0.1876875,49
1376.505,0.1876875,49
1377.506,0.1876875,49
1378.507,0.1876875,49
1379.508,0.1876875,49
1380.509,0.1876875,49
1381.51,0.1876875,49
1382.511,0.1876875,49
1383.512,0.1876875,49
1384.513,0.1876875,49
1385.514,0.1876875,49
1386.515,0.1876875,49
1387.516,0.1876875,49
1388.517,0.1876875,49
1389.518,0.1876875,49
1390.519,0.1876875,49
1391.52,0.1876875,49
1392.521,0.1876875,49
1393.522,0.1876875,49
1394.523,0.1876875,49
1395.524,0.1876875,49
1396.525,0.162675,49.25
1397.526,0.175175,49
1398.527,0.1501625,49.25
1399.528,0.13765,49.25
1400.529,0.1251375,49.25
1401.53,0.1376375,49
1402.531,0.112625,49.25
1403.532,0.1001125,49.25
1404.533,0.0876,49.25
1405.534,0.0750875,49.25
1406.535,0.062575,49.25
1407.536,0.0500625,49.25
1408.537,0.03755,49.25
1409.538,0.0250375,49.25
1410.539,0.012525,49.25
1411.54,1.25E-05,49.25
1412.541,0,49.25
1413.542,0,49.25
1414.543,0,49.25
1415.544,0,49.25
1416.545,0,49.25
1417.546,0,49.25
1418.547,0,49.25
1419.548,0,49.25
1420.549,0,49.25
1421.55,0,49.25
1422.551,0,49.25
1423.552,0,49.25
1424.553,0,49.25
1425.554,0,49.25
1426.555,0,49.25
1427.556,0,49.25
1428.557,0,49.25
1429.558,0,49.25
1430.559,0,49.25
1431.56,0,49.5
1432.561,0,49.5
1433.562,0,49.25
1434.563,0,49.5
1435.564,0,49.5
1436.565,0,49.5
1437.566,0,49.5
1438.567,0,49.5
1439.568,0,49.5
1440.569,0,49.5
1441.57,0,49.5
1442.571,0,49.5
1443.572,0,49.5
1444.573,0,49.5
1445.574,0,49.5
1446.575,0,49.5
1447.576,0,49.5
1448.577,0,49.5
1449.578,0,49.5
1450.579,0,49.5
1451.58,0,49.5
1452.581,0,49.5
1453.582,0,49.5
1454.583,0,49.5
1455.584,0,49.5
1456.585,0,49.5
1457.586,0,49.5
1458.587,0,49.75
1459.588,0,49.5
1460.589,0,49.5
1461.59,0,49.5
1462.591,0,49.75
1463.592,0,49.75
1464.593,0,49.5
1465.594,0,49.5
1466.595,0,49.75
1467.596,0,49.75
1468.597,0,49.75
1469.598,0,49.75
1470.599,0,49.75
1471.6,0,49.75
1472.601,0,49.75
1473.602,0,49.75
1474.603,0,49.75
1475.604,0,49.75
1476.605,0,49.75
1477.606,0,49.75
1478.607,0,49.75
1479.608,0,49.75
1480.609,0,49.75
1481.61,0,49.75
1482.611,0,49.75
1483.612,0,49.75
1484.613,0,49.75
1485.614,0,49.75
1486.615,0,49.75
1487.616,0,49.75
1488.617,0,49.75
1489.618,0,49.75
1490.619,0,49.75
1491.62,0,49.75
1492.621,0,49.75
1493.622,0,49.75
1494.623,0,49.75
1495.624,0,49.75
1496.625,0,50
1497.626,0,49.75
1498.627,0,49.75
1499.628,0,49.75
1500.629,0,49.75
1501.63,0,49.75
1502.631,0,49.75
1503.632,0,49.75
1504.633,0,50
1505.634,0,50
1506.635,0,50
1507.636,0,50
1508.637,0,50
1509.638,0,50
1510.639,0,50
1511.64,0,50
1512.641,0,50
1513.642,0,50
1514.643,0,50
1515.644,0,50
1516.645,0,50
1517.646,0,50
1518.647,0,50
1519.648,0,50
1520.649,0,50
1521.65,0,50
1522.651,0,50
1523.652,0,50
1524.653,0,50
1525.654,0,50
1526.655,0,50
1527.656,0,50
1528.657,0,50
1529.658,0,50
1530.659,0,50
1531.66,0,50
1532.661,0,50
1533.662,0,50
1534.663,0,50
1535.664,0,50
1536.665,0,50
1537.666,0,50
1538.667,0,50
1539.668,0,50
1540.669,0,50
1541.67,0,50
1542.671,0,50
1543.672,0,50
1544.673,0,50
1545.674,0,50
1546.675,0,50
1547.676,0,50
1548.677,0,50
1549.678,0,50
1550.679,0,50
1551.68,0,50
1552.681,0,50
1553.682,0,50
1554.683,0,50
1555.684,0,50
1556.685,0,50.25
1557.686,0,50
1558.687,0,50
1559.688,0,50
1560.689,0,50.25
1561.69,0,50.25
1562.691,0,50
1563.692,0,50.25
1564.693,0,50
1565.694,0,50.25
1566.695,0,50
1567.696,0,50
1568.697,0,50.25
1569.698,0,50
1570.699,0,50
1571.7,0,50
1572.701,0,50.25
1573.702,0,50
1574.703,0,50.25
1575.704,0,50
1576.705,0,50.25
1577.706,0,50.25
1578.707,0,50
1579.708,0,50.25
1580.709,0,50.25
1581.71,0,50
1582.711,0,50
1583.712,0,50.25
1584.713,0,50
1585.714,0,50.25
1586.715,0,50.25
1587.716,0,50
1588.717,0,50.25
1589.718,0,50.25
1590.719,0,50.25
1591.72,0,50
1592.721,0,50.25
1593.722,0,50.25
1594.723,0,50
1595.724,0,50
1596.725,0,50.25
1597.726,0,50.25
1598.727,0,50.25
1599.728,0,50
1600.729,0,50.25
1601.73,0,50.25
1602.731,0,50.25
1603.732,0,50
1604.733,0,50
1605.734,0,50.25
1606.735,0,50.25
1607.736,0,50.25
1608.737,0,50.25
1609.738,0,50.25
1610.739,0,50
1611.74,0,50.25
1612.741,0,50
1613.742,0,50.25
1614.743,0,50.25
1615.744,0,50.25
1616.745,0,50.25
1617.746,0,50
1618.747,0,50.25
1619.748,0,50
1620.749,0,50.25
1621.75,0,50.25
1622.751,0,50.25
1623.752,0,50.25
1624.753,0,50.25
1625.754,0,50.25
1626.755,0,50.25
1627.756,0,50.25
1628.757,0,50.25
1629.758,0,50.25
1630.759,0,50.25
1631.76,0,50.25
1632.761,0,50
1633.762,0,50.25
1634.763,0,50.25
1635.764,0,50
1636.765,0,50.25
1637.766,0,50.25
1638.767,0,50.25
1639.768,0,50
1640.769,0,50.25
1641.77,0,50.25
1642.771,0,50.25
1643.772,0,50.25
1644.773,0,50.25
1645.774,0,50.25
1646.775,0,50.25
1647.776,0,50.25
1648.777,0,50.25
1649.778,0,50.25
1650.779,0,50
1651.78,0,50
1652.781,0,50.25
1653.782,0,50.25
1654.783,0,50.25
1655.784,0,50
1656.785,0,50
1657.786,0,50
1658.787,0,50
1659.788,0,50
1660.789,0,50.25
1661.79,0,50.25
1662.791,0,50.25
1663.792,0,50.25
1664.793,0,50.25
1665.794,0,50
1666.795,0,50
1667.796,0,50.25
1668.797,0,50
1669.798,0,50.25
1670.799,0,50.25
1671.8,0,50
1672.801,0,50
1673.802,0,50
1674.803,0,50
1675.804,0,50
1676.805,0,50
1677.806,0,50.25
1678.807,0,50
1679.808,0,50.25
1680.809,0,50
1681.81,0,50
1682.811,0,50
1683.812,0,50.25
1684.813,0,50.25
1685.814,0,50.25
1686.815,0,50
1687.816,0,50
1688.817,0,50
1689.818,0,50
1690.819,0,50
1691.82,0,50.25
1692.821,0,50
1693.822,0,50
1694.823,0,50
1695.824,0,50
1696.825,0,50.25
1697.826,0,50
1698.827,0,50
1699.828,0,50
1700.829,0,50
1701.83,0,50
1702.831,0,50
1703.832,0,50
1704.833,0,50
1705.834,0,50
1706.835,0,50
1707.836,0,50
1708.837,0,50
1709.838,0,50
1710.839,0,50.25
1711.84,0,50
1712.841,0,50
1713.842,0,50
1714.843,0,50
1715.844,0,50
1716.845,0,50
1717.846,0,50
1718.847,0,50
1719.848,0,50
1720.849,0,50
1721.85,0,50
1722.851,0,50
1723.852,0,50
1724.853,0,50
1725.854,0,50
1726.855,0,50
1727.856,0,50
1728.857,0,50
1729.858,0,50
1730.859,0,50
1731.86,0,50
1732.861,0,50
1733.862,0,50
1734.863,0,50
1735.864,0,50
1736.865,0,50
1737.866,0,50
1738.867,0,50
1739.868,0,50
1740.869,0,50
1741.87,0,50
1742.871,0,50
1743.872,0,50
1744.873,0,50
1745.874,0,50
1746.875,0,50
1747.876,0,50
1748.877,0,50
1749.878,0,50
1750.879,0,50
1751.88,0,50
1752.881,0,50
1753.882,0,50
1754.883,0,50
1755.884,0,50
1756.885,0,50
1757.886,0,50
1758.887,0,50
1759.888,0,50
1760.889,0,50
1761.89,0,50
1762.891,0,50
1763.892,0,50
1764.893,0,50
1765.894,0,50
1766.895,0,50
1767.896,0,50
1768.897,0,50
1769.898,0,50
1770.899,0,50
1771.9,0,50
1772.901,0,50
1773.902,0,50
1774.903,0,50
1775.904,0,50
1776.905,0,49.75
1777.906,0,50
1778.907,0,50
1779.908,0,50
1780.909,0,50
1781.91,0,50
1782.911,0,50
1783.912,0,50
1784.913,0,50
1785.914,0,50
1786.915,0,50
1787.916,0,50
1788.917,0,50
1789.918,0,50
1790.919,0,50
1791.92,0,50
1792.921,0,50
1793.922,0,50
1794.923,0,50
1795.924,0,50
1796.925,0,50
1797.926,0,50
1798.927,0,49.75
1799.928,0,50
1800.929,0,49.75
1801.93,0,49.75
1802.931,0,49.75
1803.932,0,50
1804.933,0,50
1805.934,0,50
1806.935,0,49.75
1807.936,0,49.75
1808.937,0,50
1809.938,0,50
1810.939,0,50
1811.94,0,50
1812.941,0,49.75
1813.942,0,49.75
1814.943,0,50
1815.944,0,49.75
1816.945,0,49.75
1817.946,0,50
1818.947,0,49.75
1819.948,0,49.75
1820.949,0,49.75
1821.95,0,50
1822.951,0,49.75
1823.952,0,49.75
1824.953,0,50
1825.954,0,50
1826.955,0,49.75
1827.956,0,49.75
1828.957,0,49.75
1829.958,0,49.75
1830.959,0,49.75
1831.96,0,49.75
1832.961,0,49.75
1833.962,0,49.75
1834.963,0,49.75
1835.964,0,49.75
1836.965,0,49.75
1837.966,0,49.75
1838.967,0,49.75
1839.968,0,49.75
1840.969,0,49.75
1841.97,0,49.75
1842.971,0,49.75
1843.972,0,49.75
1844.973,0,49.75
1845.974,0,49.75
1846.975,0,49.75
1847.976,0,49.75
1848.977,0,49.75
1849.978,0,49.75
1850.979,0,49.75
1851.98,0,49.75
1852.981,0,49.75
1853.982,0,49.75
1854.983,0,49.75
1855.984,0,49.75
1856.985,0,49.75
1857.986,0,49.75
1858.987,0,49.75
1859.988,0,49.75
1860.989,0,49.75
1861.99,0,49.75
1862.991,0,49.75
1863.992,0,49.75
1864.993,0,49.75
1865.994,0,49.75
1866.995,0,49.75
1867.996,0,49.75
1868.997,0,49.75
1869.998,0,49.75
1870.999,0,49.75
1872,0,49.75
1873.001,0,49.75
1874.002,0,49.75
1875.003,0,49.75
1876.004,0,49.75
1877.005,0,49.75
1878.006,0,49.75
1879.007,0,49.75
1880.008,0,49.75
1881.009,0,49.75
1882.01,0,49.75
1883.011,0,49.75
1884.012,0,49.75
1885.013,0,49.75
1886.014,0,49.75
1887.015,0,49.75
1888.016,0,49.75
1889.017,0,49.75
1890.018,0,49.75
1891.019,0,49.75
1892.02,0,49.75
1893.021,0,49.75
1894.022,0,49.75
1895.023,0,49.5
1896.024,0,49.75
1897.025,0,49.75
1898.026,0,49.75
1899.027,0,49.5
1900.028,0,49.75
1901.029,0,49.75
1902.03,0,49.75
1903.031,0,49.75
1904.032,0,49.75
1905.033,0,49.75
1906.034,0,49.75
1907.035,0,49.75
1908.036,0,49.5
1909.037,0,49.75
1910.038,0,49.5
1911.039,0,49.75
1912.04,0,49.75
1913.041,0,49.5
1914.042,0,49.5
1915.043,0,49.5
1916.044,0,49.5
1917.045,0,49.5
1918.046,0,49.5
1919.047,0,49.75
1920.048,0,49.75
1921.049,0,49.5
1922.05,0,49.5
1923.051,0,49.75
1924.052,0,49.75
1925.053,0,49.5
1926.054,0,49.5
1927.055,0,49.75
1928.056,0,49.5
1929.057,0,49.75
1930.058,0,49.5
1931.059,0,49.5
1932.06,0,49.75
1933.061,0,49.5
1934.062,0,49.5
1935.063,0,49.75
1936.064,0,49.5
1937.065,0,49.5
1938.066,0,49.5
1939.067,0,49.5
1940.068,0,49.5
1941.069,0,49.5
1942.07,0,49.5
1943.071,0,49.5
1944.072,0,49.5
1945.073,0,49.5
1946.074,0,49.5
1947.075,0,49.5
1948.076,0,49.5
1949.077,0,49.5
1950.078,0,49.5
1951.079,0,49.5
1952.08,0,49.5
1953.081,0,49.5
1954.082,0,49.5
1955.083,0,49.5
1956.084,0,49.5
1957.085,0,49.5
1958.086,0,49.5
1959.087,0,49.5
1960.088,0,49.5
1961.089,0,49.5
1962.09,0,49.5
1963.091,0,49.5
1964.092,0,49.5
1965.093,0,49.5
1966.094,0,49.5
1967.095,0,49.5
1968.096,0,49.5
1969.097,0,49.5
1970.098,0,49.5
1971.099,0,49.5
1972.1,0,49.5
1973.101,0,49.5
1974.102,0,49.5
1975.103,0,49.5
1976.104,0,49.5
1977.105,0,49.5
1978.106,0,49.5
1979.107,0,49.5
1980.108,0,49.5
1981.109,0,49.5
1982.11,0,49.5
1983.111,0,49.5
1984.112,0,49.5
1985.113,0,49.5
1986.114,0,49.5
1987.115,0,49.5
1988.116,0,49.5
1989.117,0,49.5
1990.118,0,49.5
1991.119,0,49.5
1992.12,0,49.5
1993.121,0,49.5
1994.122,0,49.5
1995.123,0,49.5
1996.124,0,49.5
1997.125,0,49.5
1998.126,0,49.5
1999.127,0,49.5
2000.128,0,49.5
2001.129,0,49.5
2002.13,0,49.5
2003.131,0,49.5
2004.132,0,49.25
2005.133,0,49.5
2006.134,0,49.25
2007.135,0,49.5
2008.136,0,49.25
2009.137,0,49.5
2010.138,0,49.25
2011.139,0,49.5
2012.14,0,49.5
2013.141,0,49.5
2014.142,0,49.5
2015.143,0,49.5
2016.144,0,49.5
2017.145,0,49.25
2018.146,0,49.25
2019.147,0,49.5
2020.148,0,49.25
2021.149,0,49.25
2022.15,0,49.25
2023.151,0,49.25
2024.152,0,49.5
2025.153,0,49.5
2026.154,0,49.5
2027.155,0,49.25
2028.156,0,49.5
2029.157,0,49.5
2030.158,0,49.5
2031.159,0,49.25
2032.16,0,49.25
2033.161,0,49.25
2034.162,0,49.25
2035.163,0,49.25
2036.164,0,49.25
2037.165,0,49.5
2038.166,0,49.25
2039.167,0,49.25
2040.168,0,49.25
2041.169,0,49.25
2042.17,0,49.25
2043.171,0,49.25
2044.172,0,49.25
2045.173,0,49.25
2046.174,0,49.25
2047.175,0,49.25
2048.176,0,49.25
2049.177,0,49.5
2050.178,0,49.25
2051.179,0,49.25
2052.18,0,49.25
2053.181,0,49.25
2054.182,0,49.25
2055.183,0,49.25
2056.184,0,49.25
2057.185,0,49.25
2058.186,0,49.25
2059.187,0,49.25
2060.188,0,49.25
2061.189,0,49.25
2062.19,0,49.25
2063.191,0,49.25
2064.192,0,49.25
2065.193,0,49.25
2066.194,0,49.25
2067.195,0,49.25
2068.196,0,49.25
2069.197,0,49.25
2070.198,0,49.25
2071.199,0,49.25
2072.2,0,49.25
2073.201,0,49.25
2074.202,0,49.25
2075.203,0,49.25
2076.204,0,49.25
2077.205,0,49.25
2078.206,0,49.25
2079.207,0,49.25
2080.208,0,49.25
2081.209,0,49.25
2082.21,0,49.25
2083.211,0,49.25
2084.212,0,49.25
2085.213,0,49.25
2086.214,0,49.25
2087.215,0,49.25
2088.216,0,49.25
2089.217,0,49.25
2090.218,0,49.25
2091.219,0,49.25
2092.22,0,49.25
2093.221,0,49.25
2094.222,0,49.25
2095.223,0,49.25
2096.224,0,49.25
2097.225,0,49.25
2098.226,0,49.25
2099.227,0,49.25
2100.228,0,49.25
2101.229,0,49.25
2102.23,0,49.25
2103.231,0,49.25
2104.232,0,49.25
2105.233,0,49.25
2106.234,0,49.25
2107.235,0,49.25
2108.236,0,49.25
2109.237,0,49.25
2110.238,2.22E-16,49
2111.239,0,49.25
2112.24,2.22E-16,49
2113.241,0,49.25
2114.242,0,49.25
2115.243,2.22E-16,49
2116.244,0,49.25
2117.245,0,49.25
2118.246,0,49.25
2119.247,0,49.25
2120.248,0,49.25
2121.249,0,49.25
2122.25,0,49.25
2123.251,2.22E-16,49
2124.252,0,49.25
2125.253,0,49.25
2126.254,0,49.25
2127.255,0,49.25
2128.256,0,49.25
2129.257,2.22E-16,49
2130.258,2.22E-16,49
2131.259,0,49.25
2132.26,0,49.25
2133.261,0,49.25
2134.262,2.22E-16,49
2135.263,2.22E-16,49
2136.264,0,49.25
2137.265,0,49.25
2138.266,0,49.25
2139.267,2.22E-16,49
2140.268,2.22E-16,49
2141.269,2.22E-16,49
2142.27,2.22E-16,49
2143.271,0,49.25
2144.272,2.22E-16,49
2145.273,2.22E-16,49
2146.274,2.22E-16,49
2147.275,2.22E-16,49
2148.276,0,49.25
2149.277,2.22E-16,49
2150.278,2.22E-16,49
2151.279,2.22E-16,49
2152.28,2.22E-16,49
2153.281,2.22E-16,49
2154.282,2.22E-16,49