Time (s),Heater Duty Cycle,Temperature (C)
1.13,0.2,25.25
2.131,0.2,25.25
3.132,0.2,25.5
4.133,0.2,25.25
5.134,0.2,25.5
6.135,0.2,25.5
7.136,0.2,25.5
8.137,0.2,25.5
9.138,0.2,25.5
10.139,0.2,25.5
11.14,0.2,25.75
12.141,0.2,25.75
13.142,0.2,25.75
14.143,0.2,25.75
15.144,0.2,25.75
16.145,0.2,25.75
17.146,0.2,26
18.147,0.2,26
19.148,0.2,26
20.149,0.2,26
21.15,0.2,26
22.151,0.2,26
23.152,0.2,26
24.153,0.2,26.25
25.154,0.2,26.25
26.155,0.2,26.25
27.156,0.2,26.25
28.157,0.2,26.25
29.158,0.2,26.25
30.159,0.2,26.5
31.16,0.2,26.5
32.161,0.2,26.5
33.162,0.2,26.5
34.163,0.2,26.5
35.164,0.2,26.5
36.165,0.2,26.75
37.166,0.2,26.75
38.167,0.2,26.75
39.168,0.2,26.75
40.169,0.2,26.75
41.17,0.2,26.75
42.171,0.2,27
43.172,0.2,27
44.173,0.2,27
45.174,0.2,27
46.175,0.2,27
47.176,0.2,27.25
48.177,0.2,27.25
49.178,0.2,27.25
50.179,0.2,27.25
51.18,0.2,27.25
52.181,0.2,27.25
53.182,0.2,27.25
54.183,0.2,27.5
55.184,0.2,27.5
56.185,0.2,27.5
57.186,0.2,27.5
58.187,0.2,27.5
59.188,0.2,27.5
60.189,0.2,27.75
61.19,0.2,27.75
62.191,0.2,27.75
63.192,0.2,27.75
64.193,0.2,27.75
65.194,0.2,27.75
66.195,0.2,27.75
67.196,0.2,27.75
68.197,0.2,27.75
69.198,0.2,28
70.199,0.2,28
71.2,0.2,28
72.201,0.2,28
73.202,0.2,28
74.203,0.2,28
75.204,0.2,28.25
76.205,0.2,28.25
77.206,0.2,28.25
78.207,0.2,28.25
79.208,0.2,28.25
80.209,0.2,28.25
81.21,0.2,28.5
82.211,0.2,28.5
83.212,0.2,28.5
84.213,0.2,28.5
85.214,0.2,28.5
86.215,0.2,28.5
87.216,0.2,28.75
88.217,0.2,28.75
89.218,0.2,28.75
90.219,0.2,28.75
91.22,0.2,28.75
92.221,0.2,28.75
93.222,0.2,28.75
94.223,0.2,29
95.224,0.2,29
96.225,0.2,29
97.226,0.2,29
98.227,0.2,29
99.228,0.2,29
100.229,0.2,29
101.23,0.2,29
102.231,0.2,29.25
103.232,0.2,29.25
104.233,0.2,29.25
105.234,0.2,29.25
106.235,0.2,29.25
107.236,0.2,29.25
108.237,0.2,29.25
109.238,0.2,29.25
110.239,0.2,29.5
111.24,0.2,29.5
112.241,0.2,29.5
113.242,0.2,29.5
114.243,0.2,29.5
115.244,0.2,29.5
116.245,0.2,29.5
117.246,0.2,29.5
118.247,0.2,29.75
119.248,0.2,29.75
120.249,0.2,29.75
121.25,0.2,29.75
122.251,0.2,29.75
123.252,0.2,29.75
124.253,0.2,30
125.254,0.2,30
126.255,0.2,30
127.256,0.2,30
128.257,0.2,30
129.258,0.2,30
130.259,0.2,30
131.26,0.2,30
132.261,0.2,30.25
133.262,0.2,30.25
134.263,0.2,30.25
135.264,0.2,30.25
136.265,0.2,30.25
137.266,0.2,30.25
138.267,0.2,30.25
139.268,0.2,30.25
140.269,0.2,30.5
141.27,0.2,30.5
142.271,0.2,30.5
143.272,0.2,30.5
144.273,0.2,30.5
145.274,0.2,30.5
146.275,0.2,30.5
147.276,0.2,30.5
148.277,0.2,30.75
149.278,0.2,30.75
150.279,0.2,30.75
151.28,0.2,30.75
152.281,0.2,30.75
153.282,0.2,30.75
154.283,0.2,30.75
155.284,0.2,30.75
156.285,0.2,30.75
157.286,0.2,30.75
158.287,0.2,31
159.288,0.2,31
160.289,0.2,31
161.29,0.2,31
162.291,0.2,31
163.292,0.2,31
164.293,0.2,31.25
165.294,0.2,31.25
166.295,0.2,31.25
167.296,0.2,31.25
168.297,0.2,31.25
169.298,0.2,31.25
170.299,0.2,31.25
171.3,0.2,31.25
172.301,0.2,31.5
173.302,0.2,31.5
174.303,0.2,31.5
175.304,0.2,31.5
176.305,0.2,31.5
177.306,0.2,31.5
178.307,0.2,31.5
179.308,0.2,31.5
180.309,0.2,31.5
181.31,0.2,31.75
182.311,0.2,31.5
183.312,0.2,31.75
184.313,0.2,31.75
185.314,0.2,31.75
186.315,0.2,31.75
187.316,0.2,31.75
188.317,0.2,31.75
189.318,0.2,31.75
190.319,0.2,32
191.32,0.2,32
192.321,0.2,32
193.322,0.2,32
194.323,0.2,32
195.324,0.2,32
196.325,0.2,32
197.326,0.2,32
198.327,0.2,32.25
199.328,0.2,32.25
200.329,0.2,32.25
201.33,0.2,32.25
202.331,0.2,32.25
203.332,0.2,32.25
204.333,0.2,32.25
205.334,0.2,32.25
206.335,0.2,32.25
207.336,0.2,32.25
208.337,0.2,32.5
209.338,0.2,32.5
210.339,0.2,32.5
211.34,0.2,32.5
212.341,0.2,32.5
213.342,0.2,32.5
214.343,0.2,32.5
215.344,0.2,32.75
216.345,0.2,32.75
217.346,0.2,32.75
218.347,0.2,32.75
219.348,0.2,32.75
220.349,0.2,32.75
221.35,0.2,32.75
222.351,0.2,32.75
223.352,0.2,32.75
224.353,0.2,33
225.354,0.2,33
226.355,0.2,33
227.356,0.2,33
228.357,0.2,33
229.358,0.2,33
230.359,0.2,33
231.36,0.2,33
232.361,0.2,33
233.362,0.2,33.25
234.363,0.2,33.25
235.364,0.2,33.25
236.365,0.2,33.25
237.366,0.2,33.25
238.367,0.2,33.25
239.368,0.2,33.25
240.369,0.2,33.25
241.37,0.2,33.25
242.371,0.2,33.25
243.372,0.2,33.5
244.373,0.2,33.5
245.374,0.2,33.5
246.375,0.2,33.5
247.376,0.2,33.5
248.377,0.2,33.5
249.378,0.2,33.5
250.379,0.2,33.5
251.38,0.2,33.5
252.381,0.2,33.75
253.382,0.2,33.75
254.383,0.2,33.75
255.384,0.2,33.75
256.385,0.2,33.75
257.386,0.2,33.75
258.387,0.2,33.75
259.388,0.2,33.75
260.389,0.2,33.75
261.39,0.2,34
262.391,0.2,34
263.392,0.2,34
264.393,0.2,34
265.394,0.2,34
266.395,0.2,34
267.396,0.2,34
268.397,0.2,34
269.398,0.2,34
270.399,0.2,34.25
271.4,0.2,34.25
272.401,0.2,34.25
273.402,0.2,34.25
274.403,0.2,34.25
275.404,0.2,34.25
276.405,0.2,34.25
277.406,0.2,34.25
278.407,0.2,34.25
279.408,0.2,34.25
280.409,0.2,34.5
281.41,0.2,34.5
282.411,0.2,34.5
283.412,0.2,34.5
284.413,0.2,34.5
285.414,0.2,34.5
286.415,0.2,34.5
287.416,0.2,34.5
288.417,0.2,34.5
289.418,0.2,34.75
290.419,0.2,34.75
291.42,0.2,34.75
292.421,0.2,34.75
293.422,0.2,34.75
294.423,0.2,34.75
295.424,0.2,34.75
296.425,0.2,34.75
297.426,0.2,35
298.427,0.2,35
299.428,0.2,35
300.429,0.2,35
301.43,0.2,35
302.431,0.2,35
303.432,0.2,35
304.433,0.2,35
305.434,0.2,35
306.435,0.2,35.25
307.436,0.2,35
308.437,0.2,35.25
309.438,0.2,35.25
310.439,0.2,35.25
311.44,0.2,35.25
312.441,0.2,35.25
313.442,0.2,35.25
314.443,0.2,35.25
315.444,0.2,35.25
316.445,0.2,35.25
317.446,0.2,35.5
318.447,0.2,35.5
319.448,0.2,35.5
320.449,0.2,35.5
321.45,0.2,35.5
322.451,0.2,35.5
323.452,0.2,35.5
324.453,0.2,35.5
325.454,0.2,35.5
326.455,0.2,35.5
327.456,0.2,35.75
328.457,0.2,35.75
329.458,0.2,35.75
330.459,0.2,35.75
331.46,0.2,35.75
332.461,0.2,35.75
333.462,0.2,35.75
334.463,0.2,35.75
335.464,0.2,35.75
336.465,0.2,35.75
337.466,0.2,36
338.467,0.2,36
339.468,0.2,36
340.469,0.2,36
341.47,0.2,36
342.471,0.2,36
343.472,0.2,36
344.473,0.2,36
345.474,0.2,36
346.475,0.2,36
347.476,0.2,36.25
348.477,0.2,36.25
349.478,0.2,36.25
350.479,0.2,36.25
351.48,0.2,36.25
352.481,0.2,36.25
353.482,0.2,36.25
354.483,0.2,36.25
355.484,0.2,36.5
356.485,0.2,36.25
357.486,0.2,36.5
358.487,0.2,36.5
359.488,0.2,36.5
360.489,0.2,36.5
361.49,0.2,36.5
362.491,0.2,36.5
363.492,0.2,36.5
364.493,0.2,36.5
365.494,0.2,36.5
366.495,0.2,36.5
367.496,0.2,36.75
368.497,0.2,36.75
369.498,0.2,36.75
370.499,0.2,36.75
371.5,0.2,36.75
372.501,0.2,36.75
373.502,0.2,36.75
374.503,0.2,36.75
375.504,0.2,36.75
376.505,0.2,36.75
377.506,0.2,36.75
378.507,0.2,37
379.508,0.2,37
380.509,0.2,37
381.51,0.2,37
382.511,0.2,37
383.512,0.2,37
384.513,0.2,37
385.514,0.2,37
386.515,0.2,37
387.516,0.2,37
388.517,0.2,37.25
389.518,0.2,37.25
390.519,0.2,37.25
391.52,0.2,37.25
392.521,0.2,37.25
393.522,0.2,37.25
394.523,0.2,37.25
395.524,0.2,37.25
396.525,0.2,37.25
397.526,0.2,37.25
398.527,0.2,37.5
399.528,0.2,37.5
400.529,0.2,37.5
401.53,0.2,37.5
402.531,0.2,37.5
403.532,0.2,37.5
404.533,0.2,37.5
405.534,0.2,37.5
406.535,0.2,37.5
407.536,0.2,37.5
408.537,0.2,37.5
409.538,0.2,37.75
410.539,0.2,37.5
411.54,0.2,37.75
412.541,0.2,37.75
413.542,0.2,37.75
414.543,0.2,37.75
415.544,0.2,37.75
416.545,0.2,37.75
417.546,0.2,37.75
418.547,0.2,37.75
419.548,0.2,37.75
420.549,0.2,37.75
421.55,0.2,38
422.551,0.2,38
423.552,0.2,38
424.553,0.2,38
425.554,0.2,38
426.555,0.2,38
427.556,0.2,38
428.557,0.2,38.25
429.558,0.2,38
430.559,0.2,38.25
431.56,0.2,38.25
432.561,0.2,38.25
433.562,0.2,38.25
434.563,0.2,38.25
435.564,0.2,38.25
436.565,0.2,38.25
437.566,0.2,38.25
438.567,0.2,38.25
439.568,0.2,38.25
440.569,0.2,38.5
441.57,0.2,38.25
442.571,0.2,38.5
443.572,0.2,38.5
444.573,0.2,38.5
445.574,0.2,38.5
446.575,0.2,38.5
447.576,0.2,38.5
448.577,0.2,38.5
449.578,0.2,38.5
450.579,0.2,38.5
451.58,0.2,38.5
452.581,0.2,38.75
453.582,0.2,38.75
454.583,0.2,38.75
455.584,0.2,38.75
456.585,0.2,38.75
457.586,0.2,38.75
458.587,0.2,38.75
459.588,0.2,38.75
460.589,0.2,38.75
461.59,0.2,38.75
462.591,0.2,39
463.592,0.2,38.75
464.593,0,39
465.594,0,39
466.595,0,39
467.596,0,39
468.597,0,39
469.598,0,39
470.599,0,39
471.6,0,39.25
472.601,0,39.25
473.602,0,39.25
474.603,0,39.25
475.604,0,39.25
476.605,0,39.25
477.606,0,39.25
478.607,0,39.25
479.608,0,39.25
480.609,0,39.25
481.61,0,39.25
482.611,0,39.25
483.612,0,39.25
484.613,0,39.5
485.614,0,39.25
486.615,0,39.5
487.616,0,39.5
488.617,0,39.5
489.618,0,39.5
490.619,0,39.5
491.62,0,39.5
492.621,0,39.5
493.622,0,39.5
494.623,0,39.5
495.624,0,39.5
496.625,0,39.75
497.626,0,39.75
498.627,0,39.5
499.628,0,39.75
500.629,0,39.75
501.63,0,39.75
502.631,0,39.75
503.632,0,39.75
504.633,0,39.75
505.634,0,39.75
506.635,0,39.75
507.636,0,39.75
508.637,0,39.75
509.638,0,40
510.639,0,40
511.64,0,40
512.641,0,40
513.642,0,40
514.643,0,40
515.644,0,40
516.645,0,40
517.646,0,40
518.647,0,40
519.648,0,40
520.649,0,40.25
521.65,0,40
522.651,0,40.25
523.652,0,40.25
524.653,0,40.25
525.654,0,40.25
526.655,0,40.25
527.656,0,40.25
528.657,0,40.25
529.658,0,40.25
530.659,0,40.25
531.66,0,40.25
532.661,0,40.5
533.662,0,40.5
534.663,0,40.25
535.664,0,40.25
536.665,0,40.5
537.666,0,40.25
538.667,0,40.5
539.668,0,40.5
540.669,0,40.5
541.67,0,40.5
542.671,0,40.5
543.672,0,40.5
544.673,0,40.5
545.674,0,40.5
546.675,0,40.5
547.676,0,40.5
548.677,0,40.75
549.678,0,40.75
550.679,0,40.5
551.68,0,40.75
552.681,0,40.75
553.682,0,40.75
554.683,0,40.75
555.684,0,40.75
556.685,0,40.75
557.686,0,40.75
558.687,0,40.75
559.688,0,40.75
560.689,0,40.75
561.69,0,40.75
562.691,0,40.75
563.692,0,40.75
564.693,0,40.75
565.694,0,41
566.695,0,40.75
567.696,0,41
568.697,0,40.75
569.698,0,41
570.699,0,41
571.7,0,41
572.701,0,41
573.702,0,41
574.703,0,41
575.704,0,41
576.705,0,41
577.706,0,41
578.707,0,41
579.708,0,41
580.709,0,41
581.71,0,41
582.711,0,41
583.712,0,41.25
584.713,0,41.25
585.714,0,41.25
586.715,0,41.25
587.716,0,41
588.717,0,41.25
589.718,0,41.25
590.719,0,41.25
591.72,0,41
592.721,0,41.25
593.722,0,41.25
594.723,0,41.25
595.724,0,41.25
596.725,0,41.25
597.726,0,41.25
598.727,0,41.25
599.728,0,41.25
600.729,0,41.25
601.73,0,41.25
602.731,0,41.25
603.732,0,41.25
604.733,0,41.5
605.734,0,41.25
606.735,0,41.5
607.736,0,41.5
608.737,0,41.25
609.738,0,41.5
610.739,0,41.5
611.74,0,41.5
612.741,0,41.5
613.742,0,41.5
614.743,0,41.5
615.744,0,41.5
616.745,0,41.5
617.746,0,41.5
618.747,0,41.5
619.748,0,41.5
620.749,0,41.5
621.75,0,41.5
622.751,0,41.5
623.752,0,41.5
624.753,0,41.5
625.754,0,41.5
626.755,0,41.5
627.756,0,41.5
628.757,0,41.5
629.758,0,41.5
630.759,0,41.5
631.76,0,41.75
632.761,0,41.5
633.762,0,41.5
634.763,0,41.75
635.764,0,41.5
636.765,0,41.75
637.766,0,41.75
638.767,0,41.75
639.768,0,41.75
640.769,0,41.75
641.77,0,41.75
642.771,0,41.75
643.772,0,41.75
644.773,0,41.75
645.774,0,41.75
646.775,0,41.75
647.776,0,41.75
648.777,0,41.75
649.778,0,41.75
650.779,0,41.75
651.78,0,41.75
652.781,0,41.75
653.782,0,41.75
654.783,0,41.75
655.784,0,41.75
656.785,0,41.75
657.786,0,41.75
658.787,0,41.75
659.788,0,41.75
660.789,0,41.75
661.79,0,41.75
662.791,0,41.75
663.792,0,41.75
664.793,0,41.75
665.794,0,41.75
666.795,0,41.75
667.796,0,41.75
668.797,0,41.75
669.798,0,41.75
670.799,0,41.75
671.8,0,42
672.801,0,42
673.802,0,42
674.803,0,42
675.804,0,41.75
676.805,0,42
677.806,0,42
678.807,0,42
679.808,0,42
680.809,0,41.75
681.81,0,41.75
682.811,0,42
683.812,0,42
684.813,0,42
685.814,0,42
686.815,0,42
687.816,0,42
688.817,0,42
689.818,0,42
690.819,0,42
691.82,0,42
692.821,0,42
693.822,0,42
694.823,0,42
695.824,0,42
696.825,0,42
697.826,0,42
698.827,0,42
699.828,0,42
700.829,0,42
701.83,0,42
702.831,0,42
703.832,0,42
704.833,0,42
705.834,0,42
706.835,0,42
707.836,0,42
708.837,0,42
709.838,0,42
710.839,0,42
711.84,0,42
712.841,0,42
713.842,0,42
714.843,0,42
715.844,0,42.25
716.845,0,42
717.846,0,42
718.847,0,42
719.848,0,42.25
720.849,0,42
721.85,0,42.25
722.851,0,42.25
723.852,0,42
724.853,0,42.25
725.854,0,42
726.855,0,42.25
727.856,0,42.25
728.857,0,42.25
729.858,0,42.25
730.859,0,42.25
731.86,0,42
732.861,0,42.25
733.862,0,42.25
734.863,0,42.25
735.864,0,42.25
736.865,0,42.25
737.866,0,42.25
738.867,0,42.25
739.868,0,42.25
740.869,0,42.25
741.87,0,42.25
742.871,0,42.25
743.872,0,42
744.873,0,42.25
745.874,0,42.25
746.875,0,42.25
747.876,0,42.25
748.877,0,42.25
749.878,0,42.25
750.879,0,42.25
751.88,0,42.25
752.881,0,42.25
753.882,0,42.25
754.883,0,42.25
755.884,0,42.25
756.885,0,42.25
757.886,0,42.25
758.887,0,42.25
759.888,0,42.25
760.889,0,42.25
761.89,0,42.25
762.891,0,42.25
763.892,0,42.25
764.893,0,42.25
765.894,0,42.25
766.895,0,42.25
767.896,0,42.25
768.897,0,42.25
769.898,0,42.25
770.899,0,42.25
771.9,0,42.25
772.901,0,42.25
773.902,0,42.25
774.903,0,42.25
775.904,0,42.25
776.905,0,42.25
777.906,0,42.25
778.907,0,42.25
779.908,0,42.25
780.909,0,42.25
781.91,0,42.25
782.911,0,42.25
783.912,0,42.25
784.913,0,42.25
785.914,0,42.25
786.915,0,42.25
787.916,0,42.25
788.917,0,42.25
789.918,0,42.25
790.919,0,42.25
791.92,0,42.25
792.921,0,42.25
793.922,0,42.25
794.923,0,42.25
795.924,0,42.25
796.925,0,42.25
797.926,0,42.25
798.927,0,42.25
799.928,0,42.25
800.929,0,42.25
801.93,0,42.25
802.931,0,42.25
803.932,0,42.25
804.933,0,42.25
805.934,0,42.25
806.935,0,42.25
807.936,0,42.25
808.937,0,42.25
809.938,0,42.25
810.939,0,42.5
811.94,0,42.5
812.941,0,42.5
813.942,0,42.5
814.943,0,42.5
815.944,0,42.25
816.945,0,42.25
817.946,0,42.25
818.947,0,42.25
819.948,0,42.25
820.949,0,42.25
821.95,0,42.5
822.951,0,42.5
823.952,0,42.25
824.953,0,42.25
825.954,0,42.25
826.955,0,42.25
827.956,0,42.25
828.957,0,42.25
829.958,0,42.5
830.959,0,42.25
831.96,0,42.25
832.961,0,42.5
833.962,0,42.5
834.963,0,42.5
835.964,0,42.25
836.965,0,42.5
837.966,0,42.5
838.967,0,42.5
839.968,0,42.25
840.969,0,42.5
841.97,0,42.5
842.971,0,42.25
843.972,0,42.5
844.973,0,42.5
845.974,0,42.5
846.975,0,42.25
847.976,0,42.5
848.977,0,42.5
849.978,0,42.5
850.979,0,42.5
851.98,0,42.5
852.981,0,42.5
853.982,0,42.5
854.983,0,42.5
855.984,0,42.5
856.985,0,42.25
857.986,0,42.5
858.987,0,42.5
859.988,0,42.5
860.989,0,42.5
861.99,0,42.5
862.991,0,42.5
863.992,0,42.5
864.993,0,42.5
865.994,0,42.5
866.995,0,42.5
867.996,0,42.5
868.997,0,42.5
869.998,0,42.5
870.999,0,42.5
872,0,42.5
873.001,0,42.5
874.002,0,42.5
875.003,0,42.5
876.004,0,42.5
877.005,0,42.5
878.006,0,42.5
879.007,0,42.5
880.008,0,42.5
881.009,0,42.5
882.01,0,42.5
883.011,0,42.5
884.012,0,42.5
885.013,0,42.5
886.014,0,42.5
887.015,0,42.5
888.016,0,42.5
889.017,0,42.5
890.018,0,42.5
891.019,0,42.5
892.02,0,42.5
893.021,0,42.5
894.022,0,42.5
895.023,0,42.5
896.024,0,42.5
897.025,0,42.5
898.026,0,42.5
899.027,0,42.5
900.028,0,42.5
901.029,0,42.5
902.03,0,42.5
903.031,0,42.5
904.032,0,42.5
905.033,0,42.5
906.034,0,42.5
907.035,0,42.5
908.036,0,42.5
909.037,0,42.5
910.038,0,42.5
911.039,0,42.5
912.04,0,42.5
913.041,0,42.5
914.042,0,42.5
915.043,0,42.5
916.044,0,42.5
917.045,0,42.5
918.046,0,42.5
919.047,0,42.5
920.048,0,42.5
921.049,0,42.5
922.05,0,42.5
923.051,0,42.5
924.052,0,42.5
925.053,0,42.5
926.054,0,42.5
927.055,0,42.5
928.056,0,42.5
929.057,0,42.5
930.058,0,42.5
931.059,0,42.5
932.06,0,42.5
933.061,0,42.5
934.062,0,42.5
935.063,0,42.5
936.064,0,42.5
937.065,0.2,42.5
938.066,0.2,42.5
939.067,0.2,42.5
940.068,0.2,42.5
941.069,0.2,42.5
942.07,0.2,42.5
943.071,0.2,42.5
944.072,0.2,42.5
945.073,0.2,42.5
946.074,0.2,42.5
947.075,0.2,42.5
948.076,0.2,42.5
949.077,0.2,42.5
950.078,0.2,42.5
951.079,0.2,42.5
952.08,0.2,42.5
953.081,0.2,42.5
954.082,0.2,42.5
955.083,0.2,42.5
956.084,0.2,42.5
957.085,0.2,42.5
958.086,0.2,42.75
959.087,0.2,42.5
960.088,0.2,42.5
961.089,0.2,42.5
962.09,0.2,42.5
963.091,0.2,42.5
964.092,0.2,42.5
965.093,0.2,42.5
966.094,0.2,42.5
967.095,0.2,42.75
968.096,0.2,42.75
969.097,0.2,42.5
970.098,0.2,42.5
971.099,0.2,42.5
972.1,0.2,42.75
973.101,0.2,42.5
974.102,0.2,42.5
975.103,0.2,42.75
976.104,0.2,42.75
977.105,0.2,42.5
978.106,0.2,42.5
979.107,0.2,42.5
980.108,0.2,42.75
981.109,0.2,42.75
982.11,0.2,42.5
983.111,0.2,42.5
984.112,0.2,42.75
985.113,0.2,42.75
986.114,0.2,42.75
987.115,0.2,42.75
988.116,0.2,42.5
989.117,0.2,42.75
990.118,0.2,42.5
991.119,0.2,42.75
992.12,0.2,42.75
993.121,0.2,42.5
994.122,0.2,42.75
995.123,0.2,42.5
996.124,0.2,42.75
997.125,0.2,42.75
998.126,0.2,42.75
999.127,0.2,42.75
1000.128,0.2,42.75
1001.129,0.2,42.75
1002.13,0.2,42.75
1003.131,0.2,42.75
1004.132,0.2,42.75
1005.133,0.2,42.75
1006.134,0.2,42.75
1007.135,0.2,42.75
1008.136,0.2,42.75
1009.137,0.2,42.75
1010.138,0.2,42.75
1011.139,0.2,42.75
1012.14,0.2,42.75
1013.141,0.2,42.75
1014.142,0.2,42.75
1015.143,0.2,42.75
1016.144,0.2,42.75
1017.145,0.2,42.75
1018.146,0.2,43
1019.147,0.2,42.75
1020.148,0.2,42.75
1021.149,0.2,42.75
1022.15,0.2,43
1023.151,0.2,42.75
1024.152,0.2,42.75
1025.153,0.2,42.75
1026.154,0.2,42.75
1027.155,0.2,42.75
1028.156,0.2,42.75
1029.157,0.2,42.75
1030.158,0.2,43
1031.159,0.2,42.75
1032.16,0.2,43
1033.161,0.2,42.75
1034.162,0.2,43
1035.163,0.2,42.75
1036.164,0.2,43
1037.165,0.2,43
1038.166,0.2,43
1039.167,0.2,43
1040.168,0.2,42.75
1041.169,0.2,43
1042.17,0.2,43
1043.171,0.2,43
1044.172,0.2,43
1045.173,0.2,43
1046.174,0.2,43
1047.175,0.2,43
1048.176,0.2,43
1049.177,0.2,43
1050.178,0.2,43
1051.179,0.2,43
1052.18,0.2,43
1053.181,0.2,43
1054.182,0.2,43
1055.183,0.2,43
1056.184,0.2,43
1057.185,0.2,43
1058.186,0.2,43
1059.187,0.2,43
1060.188,0.2,43.25
1061.189,0.2,43.25
1062.19,0.2,43.25
1063.191,0.2,43.25
1064.192,0.2,43.25
1065.193,0.2,43.25
1066.194,0.2,43.25
1067.195,0.2,43.25
1068.196,0.2,43.25
1069.197,0.2,43.25
1070.198,0.2,43.25
1071.199,0.2,43.25
1072.2,0.2,43.25
1073.201,0.2,43.25
1074.202,0.2,43.25
1075.203,0.2,43.25
1076.204,0.2,43.25
1077.205,0.2,43.25
1078.206,0.2,43.25
1079.207,0.2,43.25
1080.208,0.2,43.25
1081.209,0.2,43.25
1082.21,0.2,43.5
1083.211,0.2,43.25
1084.212,0.2,43.5
1085.213,0.2,43.5
1086.214,0.2,43.5
1087.215,0.2,43.5
1088.216,0.2,43.5
1089.217,0.2,43.5
1090.218,0.2,43.5
1091.219,0.2,43.5
1092.22,0.2,43.5
1093.221,0.2,43.5
1094.222,0.2,43.5
1095.223,0.2,43.5
1096.224,0.2,43.5
1097.225,0.2,43.5
1098.226,0.2,43.5
1099.227,0.2,43.5
1100.228,0.2,43.5
1101.229,0.2,43.5
1102.23,0.2,43.75
1103.231,0.2,43.75
1104.232,0.2,43.5
1105.233,0.2,43.75
1106.234,0.2,43.75
1107.235,0.2,43.75
1108.236,0.2,43.75
1109.237,0.2,43.75
1110.238,0.2,43.75
1111.239,0.2,43.75
1112.24,0.2,43.75
1113.241,0.2,43.75
1114.242,0.2,43.75
1115.243,0.2,43.75
1116.244,0.2,43.75
1117.245,0.2,43.75
1118.246,0.2,43.75
1119.247,0.2,43.75
1120.248,0.2,44
1121.249,0.2,44
1122.25,0.2,44
1123.251,0.2,44
1124.252,0.2,44
1125.253,0.2,44
1126.254,0.2,44
1127.255,0.2,44
1128.256,0.2,44
1129.257,0.2,44
1130.258,0.2,44
1131.259,0,44
1132.26,0,44
1133.261,0,44.25
1134.262,0,44
1135.263,0,44
1136.264,0,44.25
1137.265,0,44
1138.266,0,44.25
1139.267,0,44.25
1140.268,0,44.25
1141.269,0,44.25
1142.27,0,44.25
1143.271,0,44.25
1144.272,0,44.25
1145.273,0,44.25
1146.274,0,44.25
1147.275,0,44.25
1148.276,0,44.25
1149.277,0,44.5
1150.278,0,44.25
1151.279,0,44.25
1152.28,0,44.25
1153.281,0,44.25
1154.282,0,44.25
1155.283,0,44.5
1156.284,0,44.25
1157.285,0,44.5
1158.286,0,44.5
1159.287,0,44.5
1160.288,0,44.5
1161.289,0,44.5
1162.29,0,44.5
1163.291,0,44.5
1164.292,0,44.5
1165.293,0,44.5
1166.294,0,44.5
1167.295,0,44.75
1168.296,0,44.75
1169.297,0,44.5
1170.298,0,44.5
1171.299,0,44.5
1172.3,0,44.75
1173.301,0,44.75
1174.302,0,44.75
1175.303,0,44.5
1176.304,0,44.75
1177.305,0,44.75
1178.306,0,44.75
1179.307,0,44.75
1180.308,0,44.75
1181.309,0,44.75
1182.31,0,44.75
1183.311,0,44.75
1184.312,0,44.75
1185.313,0,44.75
1186.314,0,44.75
1187.315,0,45
1188.316,0,45
1189.317,0,45
1190.318,0,45
1191.319,0,45
1192.32,0,45
1193.321,0,45
1194.322,0,45
1195.323,0,45
1196.324,0,45
1197.325,0,45
1198.326,0,45
1199.327,0,45
1200.328,0,45
1201.329,0,45
1202.33,0,45
1203.331,0,45
1204.332,0,45
1205.333,0,45
1206.334,0,45
1207.335,0,45
1208.336,0,45
1209.337,0,45
1210.338,0,45.25
1211.339,0,45.25
1212.34,0,45
1213.341,0,45.25
1214.342,0,45.25
1215.343,0,45.25
1216.344,0,45.25
1217.345,0,45.25
1218.346,0,45.25
1219.347,0,45.25
1220.348,0,45.25
1221.349,0,45.25
1222.35,0,45.25
1223.351,0,45.25
1224.352,0,45.25
1225.353,0,45.25
1226.354,0,45.25
1227.355,0,45.25
1228.356,0,45.25
1229.357,0,45.25
1230.358,0,45.25
1231.359,0,45.25
1232.36,0,45.5
1233.361,0,45.25
1234.362,0,45.5
1235.363,0,45.5
1236.364,0,45.25
1237.365,0,45.25
1238.366,0,45.5
1239.367,0,45.5
1240.368,0,45.5
1241.369,0,45.5
1242.37,0,45.5
1243.371,0,45.5
1244.372,0,45.5
1245.373,0,45.5
1246.374,0,45.5
1247.375,0,45.5
1248.376,0,45.5
1249.377,0,45.5
1250.378,0,45.5
1251.379,0,45.5
1252.38,0,45.5
1253.381,0,45.5
1254.382,0,45.5
1255.383,0,45.5
1256.384,0,45.5
1257.385,0,45.5
1258.386,0,45.5
1259.387,0,45.75
1260.388,0,45.75
1261.389,0,45.5
1262.39,0,45.75
1263.391,0,45.75
1264.392,0,45.75
1265.393,0,45.75
1266.394,0,45.75
1267.395,0,45.75
1268.396,0,45.75
1269.397,0,45.75
1270.398,0,45.75
1271.399,0,45.75
1272.4,0,45.75
1273.401,0,45.75
1274.402,0,45.75
1275.403,0,45.75
1276.404,0,45.75
1277.405,0,45.75
1278.406,0,45.75
1279.407,0,45.75
1280.408,0,45.75
1281.409,0,45.75
1282.41,0,45.75
1283.411,0,45.75
1284.412,0,45.75
1285.413,0,45.75
1286.414,0,45.75
1287.415,0,45.75
1288.416,0,45.75
1289.417,0,45.75
1290.418,0,46
1291.419,0,45.75
1292.42,0,45.75
1293.421,0,46
1294.422,0,45.75
1295.423,0,45.75
1296.424,0,45.75
1297.425,0,45.75
1298.426,0,45.75
1299.427,0,45.75
1300.428,0,46
1301.429,0,46
1302.43,0,46
1303.431,0,46
1304.432,0,46
1305.433,0,46
1306.434,0,46
1307.435,0,46
1308.436,0,46
1309.437,0,46
1310.438,0,46
1311.439,0,46
1312.44,0,46
1313.441,0,46
1314.442,0,46
1315.443,0,46
1316.444,0,46
1317.445,0,46
1318.446,0,46
1319.447,0,46
1320.448,0,46
1321.449,0,46
1322.45,0,46
1323.451,0,46
1324.452,0,46
1325.453,0,46
1326.454,0,46
1327.455,0,46
1328.456,0,46
1329.457,0,46
1330.458,0,46
1331.459,0,46
1332.46,0,46
1333.461,0,46
1334.462,0,46
1335.463,0,46
1336.464,0,46
1337.465,0,46
1338.466,0,46
1339.467,0,46
1340.468,0,46
1341.469,0,46
1342.47,0,46
1343.471,0,46
1344.472,0,46
1345.473,0,46
1346.474,0,46
1347.475,0,46
1348.476,0,46
1349.477,0,46
1350.478,0,46
1351.479,0,46
1352.48,0,46
1353.481,0,46.25
1354.482,0,46.25
1355.483,0,46
1356.484,0,46
1357.485,0,46
1358.486,0,46.25
1359.487,0,46
1360.488,0,46
1361.489,0,46
1362.49,0,46
1363.491,0,46
1364.492,0,46.25
1365.493,0,46
1366.494,0,46
1367.495,0,46.25
1368.496,0,46
1369.497,0,46
1370.498,0,46
1371.499,0,46.25
1372.5,0,46.25
1373.501,0,46
1374.502,0,46
1375.503,0,46.25
1376.504,0,46.25
1377.505,0,46.25
1378.506,0,46.25
1379.507,0,46.25
1380.508,0,46
1381.509,0,46.25
1382.51,0,46.25
1383.511,0,46.25
1384.512,0,46.25
1385.513,0,46.25
1386.514,0,46.25
1387.515,0,46.25
1388.516,0,46.25
1389.517,0,46.25
1390.518,0,46.25
1391.519,0,46.25
1392.52,0,46.25
1393.521,0,46
1394.522,0,46.25
1395.523,0,46.25
1396.524,0,46.25
1397.525,0,46.25
1398.526,0,46.25
1399.527,0,46.25
1400.528,0,46.25
1401.529,0,46.25
1402.53,0,46.25
1403.531,0,46.25
1404.532,0,46.25
1405.533,0,46.25
1406.534,0,46.25
1407.535,0,46.25
1408.536,0,46.25
1409.537,0,46.25
1410.538,0,46.25
1411.539,0,46.25
1412.54,0,46.25
1413.541,0,46.25
1414.542,0,46.25
1415.543,0,46.25
1416.544,0,46
1417.545,0,46.25
1418.546,0,46.25
1419.547,0,46.25
1420.548,0,46.25
1421.549,0,46.25
1422.55,0,46.25
1423.551,0,46.25
1424.552,0,46.25
1425.553,0,46.25
1426.554,0,46.25
1427.555,0,46.25
1428.556,0,46.25
1429.557,0,46.25
1430.558,0,46.25
1431.559,0,46.25
1432.56,0,46.25
1433.561,0,46.25
1434.562,0,46.25
1435.563,0,46.25
1436.564,0,46.25
1437.565,0,46.25
1438.566,0,46.25
1439.567,0,46.25
1440.568,0,46.25
1441.569,0,46.25
1442.57,0,46.25
1443.571,0,46.25
1444.572,0,46.25
1445.573,0,46.25
1446.574,0,46.25
1447.575,0,46.25
1448.576,0,46.25
1449.577,0,46.25
1450.578,0,46.25
1451.579,0,46.25
1452.58,0,46.25
1453.581,0,46.25
1454.582,0,46.25
1455.583,0,46.25
1456.584,0,46.25
1457.585,0,46.25
1458.586,0,46.25
1459.587,0,46.25
1460.588,0,46.25
1461.589,0,46.25
1462.59,0,46.25
1463.591,0,46.25
1464.592,0,46.25
1465.593,0,46.25
1466.594,0,46.25
1467.595,0,46.25
1468.596,0,46.25
1469.597,0,46.25
1470.598,0,46.25
1471.599,0,46.25
1472.6,0,46.25
1473.601,0.2,46.25
1474.602,0.2,46.25
1475.603,0.2,46.25
1476.604,0.2,46.25
1477.605,0.2,46.25
1478.606,0.2,46.25
1479.607,0.2,46.25
1480.608,0.2,46.25
1481.609,0.2,46.25
1482.61,0.2,46.25
1483.611,0.2,46.25
1484.612,0.2,46.25
1485.613,0.2,46.25
1486.614,0.2,46.25
1487.615,0.2,46.25
1488.616,0.2,46.25
1489.617,0.2,46.25
1490.618,0.2,46.25
1491.619,0.2,46.25
1492.62,0.2,46.25
1493.621,0.2,46.25
1494.622,0.2,46.25
1495.623,0.2,46.25
1496.624,0.2,46.25
1497.625,0.2,46.25
1498.626,0.2,46.25
1499.627,0.2,46.25
1500.628,0.2,46.25
1501.629,0.2,46.25
1502.63,0.2,46.25
1503.631,0.2,46.25
1504.632,0.2,46.25
1505.633,0.2,46.25
1506.634,0.2,46.25
1507.635,0.2,46.25
1508.636,0.2,46.25
1509.637,0.2,46.25
1510.638,0.2,46.25
1511.639,0.2,46.25
1512.64,0.2,46.25
1513.641,0.2,46.25
1514.642,0.2,46.25
1515.643,0.2,46.25
1516.644,0.2,46.25
1517.645,0.2,46.25
1518.646,0.2,46.25
1519.647,0.2,46.25
1520.648,0.2,46.25
1521.649,0.2,46.25
1522.65,0.2,46.25
1523.651,0.2,46.25
1524.652,0.2,46.25
1525.653,0.2,46.25
1526.654,0.2,46.25
1527.655,0.2,46.25
1528.656,0.2,46.25
1529.657,0.2,46.25
1530.658,0.2,46.25
1531.659,0.2,46.25
1532.66,0.2,46.25
1533.661,0.2,46.25
1534.662,0.2,46.25
1535.663,0.2,46.25
1536.664,0.2,46.25
1537.665,0.2,46.25
1538.666,0.2,46.25
1539.667,0.2,46.25
1540.668,0.2,46.25
1541.669,0.2,46.25
1542.67,0.2,46.25
1543.671,0.2,46.5
1544.672,0.2,46.25
1545.673,0.2,46.25
1546.674,0.2,46.25
1547.675,0.2,46.25
1548.676,0.2,46.25
1549.677,0.2,46.25
1550.678,0.2,46.25
1551.679,0.2,46.25
1552.68,0.2,46.25
1553.681,0.2,46.5
1554.682,0.2,46.25
1555.683,0.2,46.5
1556.684,0.2,46.25
1557.685,0.2,46.5
1558.686,0.2,46.5
1559.687,0.2,46.5
1560.688,0.2,46.5
1561.689,0.2,46.5
1562.69,0.2,46.5
1563.691,0.2,46.5
1564.692,0.2,46.5
1565.693,0.2,46.5
1566.694,0.2,46.5
1567.695,0.2,46.5
1568.696,0.2,46.5
1569.697,0.2,46.5
1570.698,0.2,46.5
1571.699,0.2,46.5
1572.7,0.2,46.5
1573.701,0.2,46.5
1574.702,0.2,46.5
1575.703,0.2,46.5
1576.704,0.2,46.5
1577.705,0.2,46.5
1578.706,0.2,46.5
1579.707,0.2,46.5
1580.708,0.2,46.5
1581.709,0.2,46.5
1582.71,0.2,46.5
1583.711,0.2,46.5
1584.712,0.2,46.5
1585.713,0.2,46.5
1586.714,0.2,46.5
1587.715,0.2,46.75
1588.716,0.2,46.5
1589.717,0.2,46.75
1590.718,0.2,46.75
1591.719,0.2,46.5
1592.72,0.2,46.5
1593.721,0.2,46.75
1594.722,0.2,46.75
1595.723,0.2,46.75
1596.724,0.2,46.75
1597.725,0.2,46.75
1598.726,0.2,46.75
1599.727,0.2,46.75
1600.728,0.2,46.75
1601.729,0.2,46.75
1602.73,0.2,46.75
1603.731,0.2,46.75
1604.732,0.2,46.75
1605.733,0.2,46.75
1606.734,0.2,46.75
1607.735,0.2,46.75
1608.736,0.2,46.75
1609.737,0.2,46.75
1610.738,0.2,46.75
1611.739,0.2,46.75
1612.74,0.2,46.75
1613.741,0.2,46.75
1614.742,0.2,46.75
1615.743,0.2,47
1616.744,0.2,46.75
1617.745,0.2,46.75
1618.746,0.2,47
1619.747,0.2,47
1620.748,0.2,46.75
1621.749,0.2,47
1622.75,0.2,46.75
1623.751,0.2,47
1624.752,0.2,47
1625.753,0.2,47
1626.754,0.2,47
1627.755,0.2,47
1628.756,0.2,47
1629.757,0.2,47
1630.758,0.2,47
1631.759,0.2,47
1632.76,0.2,47
1633.761,0.2,47
1634.762,0.2,47
1635.763,0.2,47
1636.764,0.2,47
1637.765,0.2,47
1638.766,0.2,47
1639.767,0.2,47.25
1640.768,0.2,47
1641.769,0.2,47
1642.77,0.2,47.25
1643.771,0.2,47.25
1644.772,0.2,47.25
1645.773,0.2,47.25
1646.774,0.2,47.25
1647.775,0.2,47.25
1648.776,0.2,47.25
1649.777,0.2,47.25
1650.778,0.2,47.25
1651.779,0.2,47.25
1652.78,0.2,47.25
1653.781,0.2,47.25
1654.782,0.2,47.25
1655.783,0.2,47.25
1656.784,0.2,47.25
1657.785,0.2,47.25
1658.786,0.2,47.25
1659.787,0.2,47.25
1660.788,0.2,47.25
1661.789,0.2,47.25
1662.79,0.2,47.25
1663.791,0.2,47.5
1664.792,0.2,47.5
1665.793,0.2,47.5
1666.794,0.2,47.5
1667.795,0.2,47.5
1668.796,0.2,47.5
1669.797,0.2,47.5
1670.798,0.2,47.5
1671.799,0.2,47.5
1672.8,0.2,47.5
1673.801,0.2,47.5
1674.802,0.2,47.5
1675.803,0.2,47.5
1676.804,0.2,47.75
1677.805,0.2,47.75
1678.806,0.2,47.5
1679.807,0.2,47.5
1680.808,0.2,47.5
1681.809,0.2,47.5
1682.81,0.2,47.75
1683.811,0.2,47.75
1684.812,0.2,47.75
1685.813,0.2,47.75
1686.814,0.2,47.75
1687.815,0.2,47.75
1688.816,0.2,47.75
1689.817,0.2,47.75
1690.818,0.2,47.75
1691.819,0.2,47.75
1692.82,0.2,47.75
1693.821,0.2,47.75
1694.822,0.2,47.75
1695.823,0.2,47.75
1696.824,0.2,47.75
1697.825,0.2,48
1698.826,0.2,48
1699.827,0.2,48
1700.828,0.2,48
1701.829,0.2,48
1702.83,0.2,48
1703.831,0.2,48
1704.832,0.2,48
1705.833,0.2,48
1706.834,0.2,48
1707.835,0.2,48
1708.836,0.2,48
1709.837,0.2,48
1710.838,0.2,48
1711.839,0.2,48
1712.84,0.2,48
1713.841,0.2,48
1714.842,0.2,48.25
1715.843,0.2,48
1716.844,0.2,48.25
1717.845,0.2,48.25
1718.846,0.2,48.25
1719.847,0.2,48.25
1720.848,0.2,48.25
1721.849,0.2,48.25
1722.85,0.2,48.25
1723.851,0.2,48.25
1724.852,0.2,48.25
1725.853,0.2,48.25
1726.854,0.2,48.25
1727.855,0.2,48.25
1728.856,0.2,48.25
1729.857,0.2,48.25
1730.858,0.2,48.25
1731.859,0.2,48.25
1732.86,0.2,48.5
1733.861,0.2,48.5
1734.862,0.2,48.5
1735.863,0.2,48.5
1736.864,0.2,48.5
1737.865,0.2,48.5
1738.866,0.2,48.5
1739.867,0.2,48.5
1740.868,0.2,48.5
1741.869,0.2,48.5
1742.87,0.2,48.5
1743.871,0.2,48.5
1744.872,0.2,48.5
1745.873,0.2,48.5
1746.874,0.2,48.75
1747.875,0.2,48.75
1748.876,0.2,48.75
1749.877,0.2,48.75
1750.878,0.2,48.75
1751.879,0.2,48.75
1752.88,0.2,48.75
1753.881,0.2,48.75
1754.882,0.2,48.75
1755.883,0.2,48.75
1756.884,0.2,48.75
1757.885,0.2,48.75
1758.886,0.2,48.75
1759.887,0.2,48.75
1760.888,0.2,48.75
1761.889,0.2,49
1762.89,0.2,48.75
1763.891,0.2,49
1764.892,0.2,49
1765.893,0.2,49
1766.894,0.2,49
1767.895,0.2,49
1768.896,0.2,49
1769.897,0.2,49
1770.898,0.2,49
1771.899,0.2,49
1772.9,0.2,49
1773.901,0.2,49
1774.902,0.2,49.25
1775.903,0.2,49
1776.904,0.2,49.25
1777.905,0.2,49.25
1778.906,0.2,49
1779.907,0.2,49.25
1780.908,0.2,49.25
1781.909,0.2,49.25
1782.91,0.2,49.25
1783.911,0.2,49.25
1784.912,0.2,49.25
1785.913,0.2,49.25
1786.914,0.2,49.25
1787.915,0.2,49.25
1788.916,0.2,49.25
1789.917,0.2,49.25
1790.918,0.2,49.5
1791.919,0.2,49.25
1792.92,0.2,49.5
1793.921,0.2,49.5
1794.922,0.2,49.5
1795.923,0.2,49.5
1796.924,0.2,49.5
1797.925,0.2,49.5
1798.926,0.2,49.5
1799.927,0.2,49.5
1800.928,0.2,49.5
1801.929,0.2,49.5
1802.93,0.2,49.5
1803.931,0.2,49.5
1804.932,0.2,49.5
1805.933,0.2,49.5
1806.934,0.2,49.5
1807.935,0.2,49.75
1808.936,0.2,49.5
1809.937,0.2,49.75
1810.938,0.2,49.75
1811.939,0.2,49.75
1812.94,0.2,49.75
1813.941,0.2,49.75
1814.942,0.2,49.75
1815.943,0.2,49.75
1816.944,0.2,49.75
1817.945,0.2,49.75
1818.946,0.2,49.75
1819.947,0.2,49.75
1820.948,0.2,49.75
1821.949,0.2,50
1822.95,0.2,50
1823.951,0,50
1824.952,0,50
1825.953,0,50
1826.954,0,50
1827.955,0,50
1828.956,0,50
1829.957,0,50
1830.958,0,50
1831.959,0,50
1832.96,0,50
1833.961,0,50
1834.962,0,50
1835.963,0,50
1836.964,0,50
1837.965,0,50.25
1838.966,0,50
1839.967,0,50.25
1840.968,0,50.25
1841.969,0,50.25
1842.97,0,50.25
1843.971,0,50.25
1844.972,0,50.25
1845.973,0,50.25
1846.974,0,50.25
1847.975,0,50.25
1848.976,0,50.25
1849.977,0,50.25
1850.978,0,50.25
1851.979,0,50.25
1852.98,0,50.5
1853.981,0,50.5
1854.982,0,50.5
1855.983,0,50.5
1856.984,0,50.5
1857.985,0,50.5
1858.986,0,50.5
1859.987,0,50.5
1860.988,0,50.5
1861.989,0,50.5
1862.99,0,50.5
1863.991,0,50.5
1864.992,0,50.5
1865.993,0,50.5
1866.994,0,50.5
1867.995,0,50.75
1868.996,0,50.5
1869.997,0,50.75
1870.998,0,50.75
1871.999,0,50.75
1873,0,50.75
1874.001,0,50.75
1875.002,0,50.75
1876.003,0,50.75
1877.004,0,50.75
1878.005,0,50.75
1879.006,0,50.75
1880.007,0,50.75
1881.008,0,50.75
1882.009,0,50.75
1883.01,0,50.75
1884.011,0,50.75
1885.012,0,51
1886.013,0,50.75
1887.014,0,51
1888.015,0,51
1889.016,0,51
1890.017,0,51
1891.018,0,51
1892.019,0,51
1893.02,0,51
1894.021,0,51
1895.022,0,51
1896.023,0,51
1897.024,0,51
1898.025,0,51
1899.026,0,51
1900.027,0,51
1901.028,0,51
1902.029,0,51
1903.03,0,51
1904.031,0,51
1905.032,0,51
1906.033,0,51
1907.034,0,51
1908.035,0,51.25
1909.036,0,51.25
1910.037,0,51.25
1911.038,0,51.25
1912.039,0,51.25
1913.04,0,51.25
1914.041,0,51.25
1915.042,0,51.25
1916.043,0,51.25
1917.044,0,51.25
1918.045,0,51.25
1919.046,0,51.25
1920.047,0,51.25
1921.048,0,51.25
1922.049,0,51.25
1923.05,0,51.25
1924.051,0,51.25
1925.052,0,51.25
1926.053,0,51.25
1927.054,0,51.25
1928.055,0,51.5
1929.056,0,51.25
1930.057,0,51.25
1931.058,0,51.25
1932.059,0,51.5
1933.06,0,51.5
1934.061,0,51.25
1935.062,0,51.5
1936.063,0,51.5
1937.064,0,51.5
1938.065,0,51.5
1939.066,0,51.5
1940.067,0,51.5
1941.068,0,51.5
1942.069,0,51.5
1943.07,0,51.5
1944.071,0,51.5
1945.072,0,51.5
1946.073,0,51.5
1947.074,0,51.5
1948.075,0,51.5
1949.076,0,51.5
1950.077,0,51.5
1951.078,0,51.5
1952.079,0,51.5
1953.08,0,51.5
1954.081,0,51.5
1955.082,0,51.5
1956.083,0,51.5
1957.084,0,51.5
1958.085,0,51.5
1959.086,0,51.5
1960.087,0,51.5
1961.088,0,51.5
1962.089,0,51.75
1963.09,0,51.75
1964.091,0,51.5
1965.092,0,51.75
1966.093,0,51.5
1967.094,0,51.5
1968.095,0,51.5
1969.096,0,51.5
1970.097,0,51.5
1971.098,0,51.5
1972.099,0,51.75
1973.1,0,51.5
1974.101,0,51.75
1975.102,0,51.5
1976.103,0,51.75
1977.104,0,51.75
1978.105,0,51.5
1979.106,0,51.75
1980.107,0,51.75
1981.108,0,51.75
1982.109,0,51.75
1983.11,0,51.75
1984.111,0,51.75
1985.112,0,51.75
1986.113,0,51.75
1987.114,0,51.75
1988.115,0,51.75
1989.116,0,51.75
1990.117,0,51.75
1991.118,0,51.75
1992.119,0,51.75
1993.12,0,51.75
1994.121,0,51.75
1995.122,0,51.75
1996.123,0,51.75
1997.124,0,51.75
1998.125,0,51.75
1999.126,0,51.75
2000.127,0,51.75
2001.128,0,51.75
2002.129,0,51.75
2003.13,0,51.75
2004.131,0,51.75
2005.132,0,51.75
2006.133,0,51.75
2007.134,0,51.75
2008.135,0,51.75
2009.136,0,51.75
2010.137,0,51.75
2011.138,0,51.75
2012.139,0,51.75
2013.14,0,51.75
2014.141,0,51.75
2015.142,0,51.75
2016.143,0,51.75
2017.144,0,51.75
2018.145,0,51.75
2019.146,0,51.75
2020.147,0,51.75
2021.148,0,51.75
2022.149,0,51.75
2023.15,0,51.75
2024.151,0,51.75
2025.152,0,51.75
2026.153,0,51.75
2027.154,0,51.75
2028.155,0,51.75
2029.156,0,51.75
2030.157,0,51.75
2031.158,0,51.75
2032.159,0,51.75
2033.16,0,51.75
2034.161,0,51.75
2035.162,0,51.75
2036.163,0,51.75
2037.164,0,51.75
2038.165,0,51.75
2039.166,0,51.75
2040.167,0,51.75
2041.168,0,51.75
2042.169,0,51.75
2043.17,0,51.75
2044.171,0,51.75
2045.172,0,51.75
2046.173,0,51.75
2047.174,0,51.75
2048.175,0,51.75
2049.176,0,51.75
2050.177,0,51.75
2051.178,0,51.75
2052.179,0,51.75
2053.18,0,51.75
2054.181,0,51.75
2055.182,0,51.75
2056.183,0,51.75
2057.184,0,51.75
2058.185,0.2,51.75
2059.186,0.2,51.75
2060.187,0.2,51.75
2061.188,0.2,51.75
2062.189,0.2,51.75
2063.19,0.2,51.75
2064.191,0.2,51.75
2065.192,0.2,51.75
2066.193,0.2,52
2067.194,0.2,51.75
2068.195,0.2,51.75
2069.196,0.2,51.75
2070.197,0.2,51.75
2071.198,0.2,51.75
2072.199,0.2,51.75
2073.2,0.2,51.75
2074.201,0.2,51.75
2075.202,0.2,51.75
2076.203,0.2,51.75
2077.204,0.2,51.75
2078.205,0.2,51.75
2079.206,0.2,51.75
2080.207,0.2,51.75
2081.208,0.2,51.75
2082.209,0.2,51.75
2083.21,0.2,51.75
2084.211,0.2,52
2085.212,0.2,51.75
2086.213,0.2,51.75
2087.214,0.2,51.75
2088.215,0.2,51.75
2089.216,0.2,51.75
2090.217,0.2,51.75
2091.218,0.2,51.75
2092.219,0.2,52
2093.22,0.2,51.75
2094.221,0.2,51.75
2095.222,0.2,51.75
2096.223,0.2,51.75
2097.224,0.2,51.75
2098.225,0.2,51.75
2099.226,0.2,51.75
2100.227,0.2,51.75
2101.228,0.2,51.75
2102.229,0.2,51.75
2103.23,0.2,51.75
2104.231,0.2,51.75
2105.232,0.2,51.75
2106.233,0.2,51.75
2107.234,0.2,51.75
2108.235,0.2,51.75
2109.236,0.2,51.75
2110.237,0.2,51.75
2111.238,0.2,51.75
2112.239,0.2,51.75
2113.24,0.2,51.75
2114.241,0.2,51.75
2115.242,0.2,51.75
2116.243,0.2,51.75
2117.244,0.2,51.75
2118.245,0.2,51.75
2119.246,0.2,51.75
2120.247,0.2,51.75
2121.248,0.2,51.75
2122.249,0.2,51.75
2123.25,0.2,51.75
2124.251,0.2,52
2125.252,0.2,51.75
2126.253,0.2,52
2127.254,0.2,51.75
2128.255,0.2,51.75
2129.256,0.2,51.75
2130.257,0.2,52
2131.258,0.2,52
2132.259,0.2,51.75
2133.26,0.2,51.75
2134.261,0.2,51.75
2135.262,0.2,52
2136.263,0.2,52
2137.264,0.2,52
2138.265,0,52
2139.266,0,52
2140.267,0,52
2141.268,0,52
2142.269,0,52
2143.27,0,52
2144.271,0,52
2145.272,0,52
2146.273,0,52
2147.274,0,52
2148.275,0,52
2149.276,0,52
2150.277,0,52
2151.278,0,52
2152.279,0,52
2153.28,0,52
2154.281,0,52
2155.282,0,52
2156.283,0,52
2157.284,0,52
2158.285,0,52
2159.286,0,52
2160.287,0,52
2161.288,0,52
2162.289,0,52
2163.29,0,52
2164.291,0,52
2165.292,0,52
2166.293,0,52
2167.294,0,52
2168.295,0,52
2169.296,0,52
2170.297,0,52
2171.298,0,52
2172.299,0,52
2173.3,0,52.25
2174.301,0,52
2175.302,0,52
2176.303,0,52.25
2177.304,0,52
2178.305,0,52
2179.306,0,52
2180.307,0,52.25
2181.308,0,52.25
2182.309,0,52.25
2183.31,0,52.25
2184.311,0,52
2185.312,0,52.25
2186.313,0,52.25
2187.314,0,52.25
2188.315,0,52.25
2189.316,0,52.25
2190.317,0,52
2191.318,0,52.25
2192.319,0,52.25
2193.32,0,52.25
2194.321,0,52.25
2195.322,0,52.25
2196.323,0,52.25
2197.324,0,52.25
2198.325,0,52.25
2199.326,0,52.25
2200.327,0,52.25
2201.328,0,52.25
2202.329,0,52.25
2203.33,0,52.25
2204.331,0,52.25
2205.332,0,52.25
2206.333,0,52.25
2207.334,0,52.25
2208.335,0,52.25
2209.336,0,52.25
2210.337,0,52.25
2211.338,0,52.25
2212.339,0,52.25
2213.34,0,52.25
2214.341,0,52.25
2215.342,0,52.25
2216.343,0,52.25
2217.344,0,52.25
2218.345,0,52.25
2219.346,0,52.25
2220.347,0,52.25
2221.348,0,52.25
2222.349,0,52.25
2223.35,0,52.25
2224.351,0,52.25
2225.352,0,52.25
2226.353,0,52.25
2227.354,0,52.25
2228.355,0,52.25
2229.356,0,52.25
2230.357,0,52.25
2231.358,0,52.5
2232.359,0,52.25
2233.36,0,52.25
2234.361,0,52.25
2235.362,0,52.5
2236.363,0,52.25
2237.364,0,52.25
2238.365,0,52.5
2239.366,0,52.5
2240.367,0,52.5
2241.368,0,52.25
2242.369,0,52.5
2243.37,0,52.5
2244.371,0,52.5
2245.372,0,52.5
2246.373,0,52.25
2247.374,0,52.25
2248.375,0,52.5
2249.376,0,52.5
2250.377,0,52.5
2251.378,0,52.25
2252.379,0,52.5
2253.38,0,52.5
2254.381,0,52.5
2255.382,0,52.5
2256.383,0,52.5
2257.384,0,52.25
2258.385,0,52.5
2259.386,0,52.5
2260.387,0,52.5
2261.388,0,52.5
2262.389,0,52.5
2263.39,0,52.5
2264.391,0,52.5
2265.392,0,52.5
2266.393,0,52.5
2267.394,0,52.5
2268.395,0,52.5
2269.396,0,52.5
2270.397,0,52.5
2271.398,0,52.5
2272.399,0,52.5
2273.4,0,52.5
2274.401,0,52.5
2275.402,0,52.5
2276.403,0,52.5
2277.404,0,52.5
2278.405,0,52.5
2279.406,0,52.5
2280.407,0,52.5
2281.408,0,52.5
2282.412,0,52.5
2283.41,0,52.5
2284.411,0,52.5
2285.412,0,52.5
2286.413,0,52.5
2287.414,0,52.5
2288.415,0,52.5
2289.416,0,52.5
2290.417,0,52.5
2291.418,0,52.5
2292.419,0,52.5
2293.42,0,52.5
2294.421,0,52.5
2295.422,0,52.5
2296.423,0,52.5
2297.424,0,52.5
2298.425,0,52.5
2299.426,0,52.5
2300.427,0,52.5
2301.428,0,52.5
2302.429,0,52.5
2303.43,0,52.5
2304.431,0,52.5
2305.432,0,52.5
2306.433,0,52.5
2307.434,0,52.5
2308.435,0,52.5
2309.436,0,52.5
2310.437,0,52.5
2311.438,0,52.5
2312.44,0,52.5
2313.44,0,52.5
2314.441,0,52.5
2315.442,0,52.5
2316.443,0,52.5
2317.444,0,52.5
2318.445,0,52.5
2319.446,0,52.5
2320.447,0,52.5
2321.448,0,52.5
2322.449,0,52.5
2323.45,0,52.5
2324.451,0,52.5
2325.452,0,52.5
2326.453,0,52.5
2327.454,0,52.5
2328.455,0,52.5
2329.456,0,52.5
2330.457,0,52.5
2331.458,0,52.5
2332.459,0,52.5
2333.46,0,52.5
2334.461,0,52.5
2335.462,0,52.5
2336.463,0,52.5
2337.464,0.2,52.5
2338.465,0.2,52.5
2339.466,0.2,52.5
2340.467,0.2,52.5
2341.468,0.2,52.5
2342.469,0.2,52.5
2343.47,0.2,52.5
2344.471,0.2,52.5
2345.472,0.2,52.5
2346.473,0.2,52.5
2347.474,0.2,52.5
2348.475,0.2,52.5
2349.476,0.2,52.5
2350.477,0.2,52.5
2351.478,0.2,52.5
2352.479,0.2,52.5
2353.48,0.2,52.5
2354.481,0.2,52.5
2355.482,0.2,52.5
2356.483,0.2,52.5
2357.484,0.2,52.5
2358.485,0.2,52.5
2359.486,0.2,52.5
2360.487,0.2,52.5
2361.488,0.2,52.5
2362.489,0.2,52.5
2363.49,0.2,52.5
2364.491,0.2,52.5
2365.492,0.2,52.5
2366.493,0.2,52.5
2367.494,0.2,52.5
2368.495,0.2,52.5
2369.496,0.2,52.5
2370.497,0.2,52.5
2371.498,0.2,52.5
2372.499,0.2,52.5
2373.5,0.2,52.5
2374.501,0.2,52.5
2375.502,0.2,52.5
2376.503,0.2,52.5
2377.504,0.2,52.5
2378.505,0,52.5
2379.506,0,52.5
2380.507,0,52.5
2381.508,0,52.5
2382.509,0,52.5
2383.51,0,52.5
2384.511,0,52.5
2385.512,0,52.5
2386.513,0,52.5
2387.514,0,52.5
2388.515,0,52.5
2389.516,0,52.5
2390.517,0,52.5
2391.518,0,52.5
2392.519,0,52.5
2393.52,0,52.5
2394.521,0,52.5
2395.522,0,52.5
2396.523,0,52.5
2397.524,0,52.5
2398.525,0,52.5
2399.526,0,52.5
2400.527,0,52.5
2401.528,0,52.5
2402.529,0,52.5
2403.53,0,52.5
2404.531,0,52.5
2405.532,0,52.5
2406.533,0,52.5
2407.534,0,52.5
2408.535,0,52.5
2409.536,0,52.5
2410.537,0,52.5
2411.538,0,52.5
2412.539,0,52.5
2413.54,0,52.5
2414.541,0,52.5
2415.542,0,52.5
2416.543,0,52.5
2417.544,0,52.5
2418.545,0,52.5
2419.546,0,52.5
2420.547,0,52.5
2421.548,0,52.5
2422.549,0,52.5
2423.55,0,52.5
2424.551,0,52.5
2425.552,0,52.5
2426.553,0,52.5
2427.554,0,52.5
2428.555,0,52.5
2429.556,0,52.5
2430.557,0,52.5
2431.558,0,52.5
2432.559,0,52.5
2433.56,0,52.5
2434.561,0,52.5
2435.562,0,52.5
2436.563,0,52.5
2437.564,0,52.5
2438.565,0,52.5
2439.566,0.2,52.5
2440.567,0.2,52.5
2441.568,0.2,52.5
2442.569,0.2,52.5
2443.57,0.2,52.5
2444.571,0.2,52.5
2445.572,0.2,52.5
2446.573,0.2,52.5
2447.574,0.2,52.5
2448.575,0.2,52.5
2449.576,0.2,52.5
2450.577,0.2,52.5
2451.578,0.2,52.5
2452.579,0.2,52.5
2453.58,0.2,52.5
2454.581,0.2,52.5
2455.582,0.2,52.5
2456.583,0.2,52.5
2457.584,0.2,52.5
2458.585,0.2,52.5
2459.586,0.2,52.5
2460.587,0.2,52.5
2461.588,0.2,52.5
2462.589,0.2,52.75
2463.59,0.2,52.5
2464.591,0.2,52.75
2465.592,0.2,52.5
2466.593,0.2,52.5
2467.594,0.2,52.75
2468.595,0.2,52.5
2469.596,0.2,52.5
2470.597,0.2,52.75
2471.598,0.2,52.75
2472.599,0.2,52.5
2473.6,0.2,52.5
2474.601,0.2,52.75
2475.602,0.2,52.75
2476.603,0.2,52.75
2477.604,0.2,52.75
2478.605,0.2,52.5
2479.606,0.2,52.75
2480.607,0.2,52.75
2481.608,0.2,52.5
2482.609,0.2,52.75
2483.61,0.2,52.5
2484.611,0.2,52.5
2485.612,0.2,52.75
2486.613,0.2,52.75
2487.614,0.2,52.75
2488.615,0.2,52.75
2489.616,0.2,52.75
2490.617,0.2,52.75
2491.618,0.2,52.5
2492.619,0.2,52.75
2493.62,0.2,52.75
2494.621,0,52.75
2495.622,0,52.75
2496.623,0,52.5
2497.624,0,52.75
2498.625,0,52.75
2499.626,0,52.75
2500.627,0,52.75
2501.628,0,52.75
2502.629,0,52.75
2503.63,0,52.75
2504.631,0,52.75
2505.632,0,52.75
2506.633,0,52.75
2507.634,0,52.75
2508.635,0,52.75
2509.636,0,52.75
2510.637,0,52.75
2511.638,0,52.75
2512.639,0,52.75
2513.64,0,52.75
2514.641,0,52.75
2515.642,0,52.75
2516.643,0,52.75
2517.644,0,52.75
2518.645,0,52.75
2519.646,0,52.75
2520.647,0,52.75
2521.648,0,52.75
2522.649,0,52.75
2523.65,0,52.75
2524.651,0,52.75
2525.652,0,52.75
2526.653,0,52.75
2527.654,0,52.75
2528.655,0,52.75
2529.656,0,52.75
2530.657,0,52.75
2531.658,0,52.75
2532.659,0,52.75
2533.66,0,52.75
2534.661,0,52.75
2535.662,0,52.75
2536.663,0,53
2537.664,0,52.75
2538.665,0,52.75
2539.666,0,52.75
2540.667,0,53
2541.668,0,52.75
2542.669,0,52.75
2543.67,0,53
2544.671,0,53
2545.672,0,53
2546.673,0,53
2547.674,0,52.75
2548.675,0,53
2549.676,0,53
2550.677,0,52.75
2551.678,0,53
2552.679,0,53
2553.68,0,53
2554.681,0,53
2555.682,0,53
2556.683,0,53
2557.684,0,53
2558.685,0,53
2559.686,0,53
2560.687,0,53
2561.688,0,52.75
2562.689,0,53
2563.69,0,53
2564.691,0,53
2565.692,0,53
2566.693,0,53
2567.694,0,53
2568.695,0,53
2569.696,0,53
2570.697,0,53
2571.698,0,53
2572.699,0,53
2573.7,0,53
2574.701,0,53
2575.702,0,53
2576.703,0,53
2577.704,0,53
2578.705,0,53
2579.706,0,53
2580.707,0,53
2581.708,0,53
2582.709,0,53
2583.71,0,53
2584.711,0,53
2585.712,0,53
2586.713,0,53
2587.714,0,53
2588.715,0,53
2589.716,0,53
2590.717,0,53
2591.718,0,53
2592.719,0,53
2593.72,0,53
2594.721,0,53
2595.722,0,53
2596.723,0,53
2597.724,0,53
2598.725,0,53
2599.726,0,53
2600.727,0,53
2601.728,0,53
2602.729,0,53
2603.73,0,53
2604.731,0,53
2605.732,0,53.25
2606.733,0,53
2607.734,0,53
2608.735,0,53
2609.736,0,53
2610.737,0,53
2611.738,0,53
2612.739,0,53
2613.74,0,53
2614.741,0,53
2615.742,0,53
2616.743,0,53
2617.744,0,53
2618.745,0,53
2619.746,0,53
2620.747,0,53
2621.748,0,53.25
2622.749,0,53
2623.75,0,53
2624.751,0,53
2625.752,0,53
2626.753,0,53
2627.754,0,53
2628.755,0,53
2629.756,0,53
2630.757,0,53
2631.758,0,53
2632.759,0,53
2633.76,0,53.25
2634.761,0,53
2635.762,0,53
2636.763,0,53.25
2637.764,0,53.25
2638.765,0,53
2639.766,0,53
2640.767,0,53
2641.768,0,53.25
2642.769,0,53.25
2643.77,0,53
2644.771,0,53
2645.772,0,53.25
2646.773,0,53
2647.774,0,53
2648.775,0,53
2649.776,0,53
2650.777,0,53
2651.778,0,53
2652.779,0,53
2653.78,0,53
2654.781,0,53
2655.782,0,53
2656.783,0,53.25
2657.784,0,53
2658.785,0,53.25
2659.786,0,53
2660.787,0,53
2661.788,0,53.25
2662.789,0,53
2663.79,0,53
2664.791,0,53
2665.792,0,53
2666.793,0,53.25
2667.794,0,53
2668.795,0,53
2669.796,0,53
2670.797,0,53
2671.798,0,53
2672.799,0,53
2673.8,0,53
2674.801,0,53
2675.802,0,53
2676.803,0,53
2677.804,0,53
2678.805,0,53
2679.806,0,53
2680.807,0,53
2681.808,0,53
2682.809,0,53
2683.81,0,53.25
2684.811,0,53
2685.812,0,53
2686.813,0,53
2687.814,0,53
2688.815,0,53
2689.816,0,53
2690.817,0,53
2691.818,0,53
2692.819,0,53
2693.82,0,53
2694.821,0,53
2695.822,0,53
2696.823,0,53
2697.824,0,53
2698.825,0,53
2699.826,0,53
2700.827,0,53
2701.828,0,53
2702.829,0,53
2703.83,0,53
2704.831,0,53
2705.832,0,53
2706.833,0,53
2707.834,0,53
2708.835,0,53
2709.836,0,53
2710.837,0,53
2711.838,0,53
2712.839,0,53
2713.84,0,53
2714.841,0,53
2715.842,0,53
2716.843,0,53
2717.844,0,53
2718.845,0,53
2719.846,0,53
2720.847,0,53
2721.848,0,53
2722.849,0,53
2723.85,0,53
2724.851,0,53
2725.852,0,53
2726.853,0,53
2727.854,0,53
2728.855,0,53
2729.856,0,53
2730.857,0,53
2731.858,0,53
2732.859,0,53
2733.86,0,53
2734.861,0,53
2735.862,0,53
2736.863,0,53
2737.864,0,53
2738.865,0,53
2739.866,0,53
2740.867,0,53
2741.868,0,53
2742.869,0,53
2743.87,0,53
2744.871,0,53
2745.872,0,53
2746.873,0,53
2747.874,0,53
2748.875,0,52.75
2749.876,0,53
2750.877,0,53
2751.878,0,53
2752.879,0,53
2753.88,0,53
2754.881,0,53
2755.882,0,53
2756.883,0,53
2757.884,0,53
2758.885,0,53
2759.886,0,53
2760.887,0,53
2761.888,0,53
2762.889,0,53
2763.89,0,53
2764.891,0,53
2765.892,0,53
2766.893,0,53
2767.894,0,53
2768.895,0,52.75
2769.896,0,53
2770.897,0,53
2771.898,0,53
2772.899,0,53
2773.9,0,52.75
2774.901,0,53
2775.902,0,53
2776.903,0,53
2777.904,0,53
2778.905,0,53
2779.906,0,53
2780.907,0,53
2781.908,0,52.75
2782.909,0,53
2783.91,0,52.75
2784.911,0,52.75
2785.912,0,52.75
2786.913,0,52.75
2787.914,0,53
2788.915,0,52.75
2789.916,0,52.75
2790.917,0,52.75
2791.918,0,52.75
2792.919,0,52.75
2793.92,0,52.75
2794.921,0,53
2795.922,0,52.75
2796.923,0,52.75
2797.924,0,52.75
2798.925,0,52.75
2799.926,0.2,52.75
2800.927,0.2,52.75
2801.928,0.2,52.75
2802.929,0.2,53
2803.93,0.2,52.75
2804.931,0.2,52.75
2805.932,0.2,52.75
2806.933,0.2,52.75
2807.934,0.2,52.75
2808.935,0.2,52.75
2809.936,0.2,52.75
2810.937,0.2,52.75
2811.938,0.2,52.75
2812.939,0.2,52.75
2813.94,0.2,52.75
2814.941,0.2,52.75
2815.942,0.2,52.75
2816.943,0.2,52.75
2817.944,0.2,52.75
2818.945,0.2,52.75
2819.946,0.2,52.75
2820.947,0,52.75
2821.948,0,52.75
2822.949,0,52.75
2823.95,0,52.75
2824.951,0,52.75
2825.952,0,52.75
2826.953,0,52.75
2827.954,0,52.75
2828.955,0,52.75
2829.956,0,52.75
2830.957,0,52.75
2831.958,0,52.75
2832.959,0,52.75
2833.96,0,52.75
2834.961,0,52.75
2835.962,0,52.75
2836.963,0,52.75
2837.964,0,52.75
2838.965,0,52.75
2839.966,0,52.75
2840.967,0,52.75
2841.968,0,52.75
2842.969,0,52.75
2843.97,0,52.75
2844.971,0,52.75
2845.972,0,52.75
2846.973,0,52.75
2847.974,0,52.75
2848.975,0,52.75
2849.976,0,52.75
2850.977,0,52.75
2851.978,0,52.75
2852.979,0,52.75
2853.98,0,52.75
2854.981,0,52.75
2855.982,0,52.75
2856.983,0,52.75
2857.984,0,52.75
2858.985,0,52.75
2859.986,0,52.75
2860.987,0,52.75
2861.988,0,52.75
2862.989,0,52.75
2863.99,0,52.75
2864.991,0,52.75
2865.992,0,52.5
2866.993,0,52.75
2867.994,0,52.75
2868.995,0,52.75
2869.996,0,52.75
2870.997,0,52.75
2871.998,0,52.75
2872.999,0,52.5
2874,0,52.5
2875.001,0,52.75
2876.002,0,52.5
2877.003,0,52.5
2878.004,0,52.75
2879.005,0,52.5
2880.006,0,52.75
2881.007,0,52.5
2882.008,0.2,52.5
2883.009,0.2,52.75
2884.01,0.2,52.5
2885.011,0.2,52.5
2886.012,0.2,52.5
2887.013,0.2,52.5
2888.014,0.2,52.75
2889.015,0.2,52.5
2890.016,0.2,52.5
2891.017,0.2,52.5
2892.018,0.2,52.5
2893.019,0.2,52.75
2894.02,0.2,52.5
2895.021,0.2,52.75
2896.022,0.2,52.5
2897.023,0.2,52.5
2898.024,0.2,52.5
2899.025,0.2,52.5
2900.026,0.2,52.5
2901.027,0.2,52.5
2902.028,0.2,52.75
2903.029,0.2,52.5
2904.03,0.2,52.5
2905.031,0.2,52.5
2906.032,0.2,52.5
2907.033,0.2,52.5
2908.034,0.2,52.5
2909.035,0.2,52.5
2910.036,0.2,52.5
2911.037,0.2,52.5
2912.038,0.2,52.5
2913.039,0.2,52.75
2914.04,0.2,52.5
2915.041,0.2,52.5
2916.042,0.2,52.75
2917.043,0.2,52.5
2918.044,0.2,52.5
2919.045,0.2,52.5
2920.046,0.2,52.5
2921.047,0.2,52.5
2922.048,0.2,52.5
2923.049,0.2,52.5
2924.05,0.2,52.5
2925.051,0.2,52.75
2926.052,0.2,52.5
2927.053,0.2,52.5
2928.054,0.2,52.5
2929.055,0.2,52.5
2930.056,0.2,52.75
2931.057,0,52.5
2932.058,0,52.5
2933.059,0,52.75
2934.06,0,52.5
2935.061,0,52.5
2936.062,0,52.5
2937.063,0,52.5
2938.064,0,52.75
2939.065,0,52.5
2940.066,0,52.5
2941.067,0,52.5
2942.068,0,52.5
2943.069,0,52.5
2944.07,0,52.5
2945.071,0,52.5
2946.072,0,52.75
2947.073,0,52.5
2948.074,0,52.5
2949.075,0,52.75
2950.076,0,52.5
2951.077,0,52.5
2952.078,0,52.75
2953.079,0,52.75
2954.08,0,52.5
2955.081,0,52.5
2956.082,0,52.5
2957.083,0,52.75
2958.084,0,52.5
2959.085,0,52.5
2960.086,0,52.5
2961.087,0,52.75
2962.088,0,52.75
2963.089,0,52.75
2964.09,0,52.75
2965.091,0,52.75
2966.092,0,52.5
2967.093,0,52.75
2968.094,0,52.75
2969.095,0,52.75
2970.096,0,52.5
2971.097,0,52.75
2972.098,0,52.5
2973.099,0,52.75
2974.1,0,52.75
2975.101,0,52.75
2976.102,0,52.75
2977.103,0,52.5
2978.104,0,52.75
2979.105,0,52.75
2980.106,0,52.75
2981.107,0,52.75
2982.108,0,52.75
2983.109,0,52.75
2984.11,0,52.75
2985.111,0,52.75
2986.112,0,52.75
2987.113,0,52.75
2988.114,0,52.75
2989.115,0,52.5
2990.116,0,52.75
2991.117,0,52.75
2992.118,0,52.75
2993.119,0,52.75
2994.12,0,52.75
2995.121,0,52.75
2996.122,0,52.75
2997.123,0,52.75
2998.124,0,52.75
2999.125,0,52.75
3000.126,0,52.75
3001.127,0,52.75
3002.128,0,52.75
3003.129,0,52.75
3004.13,0,52.75
3005.131,0,52.75
3006.132,0,52.75
3007.133,0,52.75
3008.134,0,52.75
3009.135,0,52.75
3010.136,0,52.75
3011.137,0,52.75
3012.138,0,52.75
3013.139,0,52.75
3014.14,0,52.75
3015.141,0,52.75
3016.142,0,52.75
3017.143,0,52.75
3018.144,0,52.75
3019.145,0,52.75
3020.146,0,52.75
3021.147,0,52.75
3022.148,0,52.75
3023.149,0,52.75
3024.15,0,52.75
3025.151,0,52.75
3026.152,0,52.75
3027.153,0,52.75
3028.154,0,52.75
3029.155,0,52.75
3030.156,0,52.75
3031.157,0,52.75
3032.158,0,52.75
3033.159,0,52.75
3034.16,0,52.75
3035.161,0,52.75
3036.162,0,52.75
3037.163,0,52.75
3038.164,0,52.75
3039.165,0,52.75
3040.166,0,52.75
3041.167,0,52.75
3042.168,0,52.75
3043.169,0,52.75
3044.17,0,52.75
3045.171,0,52.75
3046.172,0,52.75
3047.173,0,52.75
3048.174,0,52.75
3049.175,0,52.75
3050.176,0,52.75
3051.177,0,52.75
3052.178,0,52.75
3053.179,0,52.75
3054.18,0,52.75
3055.181,0,52.75
3056.182,0,52.75
3057.183,0,52.75
3058.184,0,52.75
3059.185,0,52.75
3060.186,0,52.75
3061.187,0,52.75
3062.188,0,52.75
3063.189,0,52.75
3064.19,0,52.75
3065.191,0,52.75
3066.192,0,52.75
3067.193,0,52.75
3068.194,0,52.75
3069.195,0.2,52.75
3070.196,0.2,52.75
3071.197,0.2,52.75
3072.198,0.2,52.75
3073.199,0.2,52.75
3074.2,0.2,52.75
3075.201,0.2,52.75
3076.202,0.2,52.75
3077.203,0.2,52.75
3078.204,0.2,52.75
3079.205,0.2,52.75
3080.206,0.2,52.75
3081.207,0.2,52.75
3082.208,0.2,52.75
3083.209,0.2,52.75
3084.21,0.2,52.75
3085.211,0.2,52.75
3086.212,0.2,52.75
3087.213,0.2,52.75
3088.214,0.2,52.75
3089.215,0.2,52.75
3090.216,0.2,52.75
3091.217,0.2,52.75
3092.218,0.2,52.75
3093.219,0.2,52.75
3094.22,0.2,52.75
3095.221,0.2,52.75
3096.222,0.2,52.75
3097.223,0.2,52.75
3098.224,0.2,52.75
3099.225,0.2,52.75
3100.226,0.2,52.75
3101.227,0.2,52.75
3102.228,0.2,52.75
3103.229,0.2,52.75
3104.23,0.2,52.75
3105.231,0.2,52.75
3106.232,0.2,52.75
3107.233,0.2,52.75
3108.234,0.2,52.75
3109.235,0.2,52.75
3110.236,0.2,52.75
3111.237,0.2,52.75
3112.238,0.2,52.75
3113.239,0.2,52.75
3114.24,0,52.75
3115.241,0,52.75
3116.242,0,52.75
3117.243,0,52.75
3118.244,0,52.75
3119.245,0,52.75
3120.246,0,52.75
3121.247,0,52.75
3122.248,0,52.75
3123.249,0,52.75
3124.25,0,52.75
3125.251,0,52.75
3126.252,0,52.75
3127.253,0,52.75
3128.254,0,52.75
3129.255,0,52.75
3130.256,0,52.75
3131.257,0,52.75
3132.258,0,52.75
3133.259,0,52.75
3134.26,0,52.75
3135.261,0,52.75
3136.262,0,52.75
3137.263,0,52.75
3138.264,0,52.75
3139.265,0,52.75
3140.266,0,52.75
3141.267,0,52.75
3142.268,0,52.75
3143.269,0,52.75
3144.27,0,52.75
3145.271,0,52.75
3146.272,0,52.75
3147.273,0,52.75
3148.274,0,52.75
3149.275,0,52.75
3150.276,0,52.75
3151.277,0,52.75
3152.278,0,52.75
3153.279,0,52.75
3154.28,0,53
3155.281,0,52.75
3156.282,0,52.75
3157.283,0,52.75
3158.284,0,52.75
3159.285,0,52.75
3160.286,0,52.75
3161.287,0,52.75
3162.288,0,53
3163.289,0,52.75
3164.29,0,53
3165.291,0,52.75
3166.292,0,52.75
3167.293,0,52.75
3168.294,0,52.75
3169.295,0,53
3170.296,0,53
3171.297,0,53
3172.298,0,53
3173.299,0,52.75
3174.3,0,52.75
3175.301,0,53
3176.302,0,52.75
3177.303,0,53
3178.304,0,53
3179.305,0,53
3180.306,0,52.75
3181.307,0,53
3182.308,0,53
3183.309,0,53
3184.31,0,53
3185.311,0,53
3186.312,0,53
3187.313,0,53
3188.314,0,53
3189.315,0,53
3190.316,0,53
3191.317,0,53
3192.318,0,53
3193.319,0,53
3194.32,0,53
3195.321,0,53
3196.322,0,52.75
3197.323,0,53
3198.324,0,53
3199.325,0,53
3200.326,0,53
3201.327,0,53
3202.328,0,53
3203.329,0,53
3204.33,0,53
3205.331,0,53
3206.332,0,53
3207.333,0,53
3208.334,0,53
3209.335,0,53
3210.336,0,53
3211.337,0,53
3212.338,0,53
3213.339,0,53
3214.34,0,52.75
3215.341,0,53
3216.342,0,53
3217.343,0,53
3218.344,0,53
3219.345,0,53
3220.346,0,53
3221.347,0,53
3222.348,0,53
3223.349,0,53
3224.35,0,53
3225.351,0,53
3226.352,0,53
3227.353,0,53
3228.354,0,53
3229.355,0,53
3230.356,0,53
3231.357,0,53
3232.358,0,53
3233.359,0,53
3234.36,0,53
3235.361,0,53
3236.362,0,53
3237.363,0,53
3238.364,0,53
3239.365,0,53
3240.366,0,53
3241.367,0,53
3242.368,0,53
3243.369,0,53
3244.37,0,53
3245.371,0,53
3246.372,0,53
3247.373,0,53
3248.374,0,53
3249.375,0,53
3250.376,0,53
3251.377,0,53
3252.378,0,53
3253.379,0,53
3254.38,0,53
3255.381,0,53
3256.382,0,52.75
3257.383,0,53
3258.384,0,53
3259.385,0,53
3260.386,0,53
3261.387,0,53
3262.388,0,53
3263.389,0,53
3264.39,0,53
3265.391,0,53
3266.392,0,53
3267.393,0,53
3268.394,0,53
3269.395,0,53
3270.396,0,53
3271.397,0,53
3272.398,0,53
3273.399,0,53
3274.4,0,53
3275.401,0,52.75
3276.402,0,53
3277.403,0,53
3278.404,0,53
3279.405,0,53
3280.406,0,53
3281.407,0,53
3282.408,0,52.75
3283.409,0,53
3284.41,0,52.75
3285.411,0,53
3286.412,0,53
3287.413,0,52.75
3288.414,0,53
3289.415,0,53
3290.416,0,53
3291.417,0,53
3292.418,0,52.75
3293.419,0,53
3294.42,0,53
3295.421,0,53
3296.422,0,52.75
3297.423,0,52.75
3298.424,0,53
3299.425,0,53
3300.426,0,53
3301.427,0,53
3302.428,0,53
3303.429,0,52.75
3304.43,0,53
3305.431,0,52.75
3306.432,0,53
3307.433,0,52.75
3308.434,0,53
3309.435,0,52.75
3310.436,0,53
3311.437,0,53
3312.438,0,53
3313.439,0,53
3314.44,0,52.75
3315.441,0,53
3316.442,0,52.75
3317.443,0,52.75
3318.444,0,52.75
3319.445,0,52.75
3320.446,0,52.75
3321.447,0,52.75
3322.448,0,53
3323.449,0,52.75
3324.45,0,52.75
3325.451,0,52.75
3326.452,0,52.75
3327.453,0,53
3328.454,0,52.75
3329.455,0,52.75
3330.456,0,52.75
3331.457,0,52.75
3332.458,0.2,52.75
3333.459,0.2,52.75
3334.46,0.2,53
3335.461,0.2,52.75
3336.462,0.2,53
3337.463,0.2,52.75
3338.464,0.2,52.75
3339.465,0.2,52.75
3340.466,0.2,52.75
3341.467,0.2,52.75
3342.468,0.2,52.75
3343.469,0.2,52.75
3344.47,0.2,53
3345.471,0.2,52.75
3346.472,0.2,52.75
3347.473,0.2,52.75
3348.474,0.2,52.75
3349.475,0.2,52.75
3350.476,0.2,52.75
3351.477,0.2,52.75
3352.478,0.2,52.75
3353.479,0.2,52.75
3354.48,0.2,52.75
3355.481,0.2,52.75
3356.482,0.2,52.75
3357.483,0.2,52.75
3358.484,0.2,52.75
3359.485,0.2,52.75
3360.486,0.2,52.75
3361.487,0.2,52.75
3362.488,0.2,52.75
3363.489,0.2,52.75
3364.49,0.2,52.75
3365.491,0.2,52.75
3366.492,0.2,52.75
3367.493,0.2,52.75
3368.494,0.2,52.75
3369.495,0,52.75
3370.496,0,52.75
3371.497,0,52.75
3372.498,0,52.75
3373.499,0,52.75
3374.5,0,52.75
3375.501,0,52.75
3376.502,0,52.75
3377.503,0,52.75
3378.504,0,52.75
3379.505,0,52.75
3380.506,0,52.75
3381.507,0,52.75
3382.508,0,52.75
3383.509,0,52.75
3384.51,0,52.75
3385.511,0,52.75
3386.512,0,52.75
3387.513,0,52.75
3388.514,0,52.75
3389.515,0,52.75
3390.516,0,52.75
3391.517,0,52.75
3392.518,0,52.75
3393.519,0,52.75
3394.52,0,52.75
3395.521,0,52.75
3396.522,0,52.75
3397.523,0,52.75
3398.524,0,52.75
3399.525,0,52.75
3400.526,0,52.75
3401.527,0,52.75
3402.528,0,52.75
3403.529,0,52.75
3404.53,0,52.75
3405.531,0,52.75
3406.532,0,52.75
3407.533,0,52.75
3408.534,0,52.75
3409.535,0,52.75
3410.536,0,52.75
3411.537,0,52.75
3412.538,0,52.75
3413.539,0,52.75
3414.54,0,52.75
3415.541,0,52.75
3416.542,0,52.75
3417.543,0,52.75
3418.544,0,52.75
3419.545,0,52.75
3420.546,0,52.75
3421.547,0,52.75
3422.548,0,52.75
3423.549,0,52.75
3424.55,0,52.75
3425.551,0,52.75
3426.552,0,52.75
3427.553,0,52.75
3428.554,0,52.75
3429.555,0,52.75
3430.556,0.2,52.75
3431.557,0.2,52.75
3432.558,0.2,52.75
3433.559,0.2,52.75
3434.56,0.2,52.75
3435.561,0.2,52.75
3436.562,0.2,52.75
3437.563,0.2,52.75
3438.564,0.2,52.75
3439.565,0.2,52.75
3440.566,0.2,52.75
3441.567,0.2,52.75
3442.568,0.2,52.75
3443.569,0.2,52.75
3444.57,0.2,52.75
3445.571,0.2,52.75
3446.572,0.2,52.75
3447.573,0.2,52.75
3448.574,0.2,52.75
3449.575,0.2,52.75
3450.576,0.2,52.75
3451.577,0.2,52.75
3452.578,0.2,52.75
3453.579,0.2,52.75
3454.58,0.2,52.75
3455.581,0.2,52.75
3456.582,0.2,52.75
3457.583,0.2,52.75
3458.584,0.2,52.75
3459.585,0.2,52.75
3460.586,0.2,52.75
3461.587,0.2,52.75
3462.588,0.2,52.75
3463.589,0.2,52.75
3464.59,0.2,52.75
3465.591,0.2,52.75
3466.592,0.2,52.75
3467.593,0.2,52.75
3468.594,0.2,52.75
3469.595,0.2,52.75
3470.596,0.2,52.75
3471.597,0.2,52.75
3472.598,0.2,52.75
3473.599,0.2,52.75
3474.6,0.2,52.75
3475.601,0.2,52.75
3476.602,0.2,52.75
3477.603,0.2,52.75
3478.604,0.2,52.75
3479.605,0.2,52.75
3480.606,0.2,52.75
3481.607,0.2,52.75
3482.608,0.2,52.75
3483.609,0.2,52.75
3484.61,0.2,52.75
3485.611,0.2,52.75
3486.612,0.2,52.75
3487.613,0.2,52.75
3488.614,0.2,52.75
3489.615,0,52.75
3490.616,0,52.75
3491.617,0,52.75
3492.618,0,52.75
3493.619,0,52.75
3494.62,0,52.75
3495.621,0,52.75
3496.622,0,52.75
3497.623,0,53
3498.624,0,52.75
3499.625,0,52.75
3500.626,0,53
3501.627,0,52.75
3502.628,0,52.75
3503.629,0,52.75
3504.63,0,52.75
3505.631,0,52.75
3506.632,0,52.75
3507.633,0,53
3508.634,0,52.75
3509.635,0,52.75
3510.636,0,53
3511.637,0,52.75
3512.638,0,53
3513.639,0,52.75
3514.64,0,53
3515.641,0,53
3516.642,0,53
3517.643,0,53
3518.644,0,53
3519.645,0,53
3520.646,0,52.75
3521.647,0,53
3522.648,0,53
3523.649,0,53
3524.65,0,53
3525.651,0,53
3526.652,0,53
3527.653,0,53
3528.654,0,53
3529.655,0,53
3530.656,0,53
3531.657,0,53
3532.658,0,53
3533.659,0,53
3534.66,0,53
3535.661,0,53
3536.662,0,53
3537.663,0,53
3538.664,0,53
3539.665,0,53
3540.666,0,53
3541.667,0,53
3542.668,0,53
3543.669,0,53
3544.67,0,53
3545.671,0,53
3546.672,0,53
3547.673,0,53
3548.674,0,53
3549.675,0,53
3550.676,0,53
3551.677,0,53
3552.678,0,53
3553.679,0,53
3554.68,0,53
3555.681,0,53
3556.682,0,53
3557.683,0,53
3558.684,0,53
3559.685,0,53
3560.686,0,53
3561.687,0,53
3562.688,0,53
3563.689,0,53
3564.69,0,53
3565.691,0,53
3566.692,0,53
3567.693,0,53.25
3568.694,0,53
3569.695,0,53.25
3570.696,0,53.25
3571.697,0,53
3572.698,0,53
3573.699,0,53
3574.7,0,53.25
3575.701,0,53.25
3576.702,0,53.25
3577.703,0,53.25
3578.704,0,53.25
3579.705,0,53
3580.706,0,53.25
3581.707,0,53.25
3582.708,0,53
3583.709,0,53
3584.71,0,53.25
3585.711,0,53.25
3586.712,0,53.25
3587.713,0,53.25
3588.714,0,53.25
3589.715,0,53.25
3590.716,0,53.25
3591.717,0,53.25
3592.718,0,53.25
3593.719,0,53.25
3594.72,0,53.25
3595.721,0,53.25
3596.722,0,53.25
3597.723,0,53.25
3598.724,0,53.25
3599.725,0,53.25
3600.726,0,53.25
3601.727,0,53.25
3602.728,0,53.25
3603.729,0,53.25
3604.73,0,53.25
3605.731,0,53.25
3606.732,0,53.25
3607.733,0,53.25
3608.734,0,53.25
3609.735,0,53.25
3610.736,0,53.25
3611.737,0,53.25
3612.738,0,53.25
3613.739,0,53.25
3614.74,0,53.25
3615.741,0,53.25
3616.742,0,53.25
3617.743,0,53.25
3618.744,0,53.25
3619.745,0,53.25
3620.746,0,53.25
3621.747,0,53.25
3622.748,0,53.25
3623.749,0,53.25
3624.75,0,53.25
3625.751,0,53.25
3626.752,0,53.25
3627.753,0,53.25
3628.754,0,53.25
3629.755,0,53.25
3630.756,0,53.25
3631.757,0,53.25
3632.758,0,53.25
3633.759,0,53.25
3634.76,0,53.25
3635.761,0,53.25
3636.762,0,53.25
3637.763,0,53.25
3638.764,0,53.25
3639.765,0,53.25
3640.766,0,53.25
3641.767,0,53.25
3642.768,0,53.25
3643.769,0,53.25
3644.77,0,53.25
3645.771,0,53.25
3646.772,0,53.25
3647.773,0,53.25
3648.774,0,53.25
3649.775,0,53.25
3650.776,0,53.25
3651.777,0,53.25
3652.778,0,53.25
3653.779,0,53.25
3654.78,0,53.25
3655.781,0,53.25
3656.782,0,53.25
3657.783,0,53.25
3658.784,0,53.25
3659.785,0,53.25
3660.786,0,53.25
3661.787,0,53.25
3662.788,0,53.25
3663.789,0,53.25
3664.79,0,53.25
3665.791,0,53.25
3666.792,0,53.25
3667.793,0,53.25
3668.794,0,53.25
3669.795,0,53.25
3670.796,0,53.25
3671.797,0,53.25
3672.798,0,53.25
3673.799,0,53.25
3674.8,0,53.25
3675.801,0,53.25
3676.802,0,53.25
3677.803,0,53.25
3678.804,0,53.25
3679.805,0,53.25
3680.806,0,53.25
3681.807,0,53.25
3682.808,0,53.25
3683.809,0,53.25
3684.81,0,53.25
3685.811,0,53.25
3686.812,0,53.25
3687.813,0,53.25
3688.814,0,53.25
3689.815,0,53.25
3690.816,0,53.25
3691.817,0,53.25
3692.818,0,53.25
3693.819,0,53.25
3694.82,0,53.25
3695.821,0,53.25
3696.822,0,53.25
3697.823,0,53.25
3698.824,0,53.25
3699.825,0,53.25
3700.826,0,53.25
3701.827,0,53.25
3702.828,0,53
3703.829,0,53
3704.83,0,53.25
3705.831,0,53.25
3706.832,0,53
3707.833,0,53.25
3708.834,0,53.25
3709.835,0,53
3710.836,0,53
3711.837,0,53.25
3712.838,0,53
3713.839,0,53.25
3714.84,0,53
3715.841,0,53
3716.842,0,53.25
3717.843,0,53
3718.844,0,53
3719.845,0,53
3720.846,0,53
3721.847,0,53
3722.848,0,53.25
3723.849,0,53
3724.85,0,53.25
3725.851,0,53.25
3726.852,0,53
3727.853,0,53.25
3728.854,0,53
3729.855,0,53
3730.856,0,53
3731.857,0,53
3732.858,0,53.25
3733.859,0,53
3734.86,0,53.25
3735.861,0,53
3736.862,0,53
3737.863,0,53
3738.864,0,53
3739.865,0,53
3740.866,0,53
3741.867,0,53
3742.868,0,53
3743.869,0,53
3744.87,0,53
3745.871,0,53
3746.872,0,53
3747.873,0,53
3748.874,0,53
3749.875,0,53
3750.876,0,53
3751.877,0,53
3752.878,0,53
3753.879,0,53
3754.88,0,53
3755.881,0,53
3756.882,0,53
3757.883,0,53
3758.884,0,53
3759.885,0,53
3760.886,0,53
3761.887,0,53
3762.888,0,53
3763.889,0,53
3764.89,0,53
3765.891,0,53
3766.892,0,53
3767.893,0,53
3768.894,0,53
3769.895,0,53
3770.896,0,53
3771.897,0,53
3772.898,0,53
3773.899,0,53
3774.9,0,53
3775.901,0,53
3776.902,0,53
3777.903,0,53
3778.904,0,53
3779.905,0,53
3780.906,0,53
3781.907,0,53
3782.908,0,53
3783.909,0,53
3784.91,0,53
3785.911,0,52.75
3786.912,0,53
3787.913,0,53
3788.914,0,53
3789.915,0,53
3790.916,0,53
3791.917,0,53
3792.918,0,53
3793.919,0,53
3794.92,0,53
3795.921,0,52.75
3796.922,0,53
3797.923,0,52.75
3798.924,0,53
3799.925,0,53
3800.926,0,53
3801.927,0,53
3802.928,0,52.75
3803.929,0,52.75
3804.93,0,52.75
3805.931,0,52.75
3806.932,0,52.75
3807.933,0,52.75
3808.934,0,53
3809.935,0,53
3810.936,0,52.75
3811.937,0,52.75
3812.938,0,52.75
3813.939,0,52.75
3814.94,0,52.75
3815.941,0,52.75
3816.942,0,52.75
3817.943,0,53
3818.944,0,52.75
3819.945,0,52.75
3820.946,0.2,52.75
3821.947,0.2,52.75
3822.948,0.2,52.75
3823.949,0.2,52.75
3824.95,0.2,52.75
3825.951,0.2,52.75
3826.952,0.2,52.75
3827.953,0.2,52.75
3828.954,0.2,52.75
3829.955,0.2,52.75
3830.956,0.2,52.75
3831.957,0.2,52.75
3832.958,0.2,52.75
3833.959,0.2,52.75
3834.96,0.2,52.75
3835.961,0.2,52.75
3836.962,0.2,52.75
3837.963,0.2,52.75
3838.964,0.2,52.75
3839.965,0.2,52.75
3840.966,0.2,52.75
3841.967,0.2,52.75
3842.968,0.2,52.75
3843.969,0.2,52.75
3844.97,0.2,52.75
3845.971,0.2,52.75
3846.972,0.2,52.75
3847.973,0.2,52.75
3848.974,0.2,52.75
3849.975,0.2,52.75
3850.976,0.2,52.75
3851.977,0.2,52.75
3852.978,0.2,52.75
3853.979,0.2,52.75
3854.98,0.2,52.75
3855.981,0,52.75
3856.982,0,52.75
3857.983,0,52.75
3858.984,0,52.75
3859.985,0,52.75
3860.986,0,52.75
3861.987,0,52.75
3862.988,0,52.75
3863.989,0,52.75
3864.99,0,52.75
3865.991,0,52.5
3866.992,0,52.75
3867.993,0,52.5
3868.994,0,52.75
3869.995,0,52.75
3870.996,0,52.75
3871.997,0,52.75
3872.998,0,52.75
3873.999,0,52.75
3875,0,52.75
3876.001,0,52.5
3877.002,0,52.75
3878.003,0,52.75
3879.004,0,52.75
3880.005,0,52.75
3881.006,0,52.75
3882.007,0,52.75
3883.008,0,52.5
3884.009,0,52.5
3885.01,0,52.75
3886.011,0,52.75
3887.012,0,52.75
3888.013,0,52.75
3889.014,0,52.75
3890.015,0,52.5
3891.016,0,52.5
3892.017,0,52.75
3893.018,0,52.5
3894.019,0,52.75
3895.02,0,52.75
3896.021,0,52.75
3897.022,0,52.75
3898.023,0,52.5
3899.024,0,52.75
3900.025,0,52.75
3901.026,0,52.75
3902.027,0,52.75
3903.028,0,52.5
3904.029,0,52.75
3905.03,0,52.75
3906.031,0,52.5
3907.032,0,52.5
3908.033,0,52.75
3909.034,0,52.75
3910.035,0,52.75
3911.036,0,52.75
3912.037,0,52.75
3913.038,0,52.75
3914.039,0,52.75
3915.04,0,52.5
3916.041,0,52.75
3917.042,0.2,52.5
3918.043,0.2,52.5
3919.044,0.2,52.75
3920.045,0.2,52.75
3921.046,0.2,52.75
3922.047,0.2,52.75
3923.048,0.2,52.5
3924.049,0.2,52.75
3925.05,0.2,52.75
3926.051,0.2,52.75
3927.052,0.2,52.5
3928.053,0.2,52.75
3929.054,0.2,52.5
3930.055,0.2,52.5
3931.056,0.2,52.75
3932.057,0.2,52.75
3933.058,0.2,52.5
3934.059,0.2,52.75
3935.06,0.2,52.75
3936.061,0.2,52.75
3937.062,0.2,52.75
3938.063,0.2,52.75
3939.064,0.2,52.5
3940.065,0.2,52.5
3941.066,0.2,52.75
3942.067,0.2,52.5
3943.068,0.2,52.5
3944.069,0.2,52.75
3945.07,0.2,52.5
3946.071,0.2,52.75
3947.072,0.2,52.5
3948.073,0.2,52.75
3949.074,0.2,52.75
3950.075,0.2,52.75
3951.076,0.2,52.75
3952.077,0.2,52.75
3953.078,0.2,52.75
3954.079,0.2,52.75
3955.08,0.2,52.5
3956.081,0.2,52.75
3957.082,0.2,52.75
3958.083,0.2,52.5
3959.084,0.2,52.75
3960.085,0.2,52.75
3961.086,0.2,52.75
3962.087,0.2,52.75
3963.088,0.2,52.75
3964.089,0.2,52.5
3965.09,0.2,52.75
3966.091,0.2,52.75
3967.092,0.2,52.75
3968.093,0.2,52.75
3969.094,0.2,52.75
3970.095,0.2,52.75
3971.096,0.2,52.75
3972.097,0.2,52.5
3973.098,0.2,52.75
3974.099,0.2,52.75
3975.1,0.2,52.75
3976.101,0.2,52.75
3977.102,0.2,52.75
3978.103,0.2,52.75
3979.104,0.2,52.75
3980.105,0.2,52.75
3981.106,0.2,52.75
3982.107,0.2,52.75
3983.108,0.2,52.75
3984.109,0.2,52.75
3985.11,0.2,52.75
3986.111,0.2,52.75
3987.112,0.2,52.75
3988.113,0.2,52.75
3989.114,0.2,52.75
3990.115,0.2,52.75
3991.116,0.2,52.75
3992.117,0,52.75
3993.118,0,52.75
3994.119,0,52.75
3995.12,0,52.75
3996.121,0,52.75
3997.122,0,52.75
3998.123,0,52.75
3999.124,0,52.75
4000.125,0,52.75
4001.126,0,52.75
4002.127,0,52.75
4003.128,0,52.75
4004.129,0,52.75
4005.13,0,52.75
4006.131,0,52.75
4007.132,0,52.75
4008.133,0,52.75
4009.134,0,52.75
4010.135,0,52.75
4011.136,0,52.75
4012.137,0,52.75
4013.138,0,52.75
4014.139,0,52.75
4015.14,0,52.75
4016.141,0,52.75
4017.142,0,52.75
4018.143,0,52.75
4019.144,0,52.75
4020.145,0,52.75
4021.146,0,53
4022.147,0,52.75
4023.148,0,52.75
4024.149,0,53
4025.15,0,52.75
4026.151,0,53
4027.152,0,53
4028.153,0,53
4029.154,0,52.75
4030.155,0,52.75
4031.156,0,53
4032.157,0,53
4033.158,0,53
4034.159,0,53
4035.16,0,53
4036.161,0,53
4037.162,0,53
4038.163,0,53
4039.164,0,53
4040.165,0,53
4041.166,0,53
4042.167,0,53
4043.168,0,53
4044.169,0,53
4045.17,0,53
4046.171,0,53
4047.172,0,53
4048.173,0,53
4049.174,0,53
4050.175,0,53
4051.176,0,53
4052.177,0,53
4053.178,0,53
4054.179,0,53
4055.18,0,53
4056.181,0,53
4057.182,0,53
4058.183,0,53
4059.184,0,53
4060.185,0,53
4061.186,0,53
4062.187,0,53
4063.188,0,53
4064.189,0,53.25
4065.19,0,53
4066.191,0,53
4067.192,0,53
4068.193,0,53
4069.194,0,53
4070.195,0,53
4071.196,0,53.25
4072.197,0,53.25
4073.198,0,53
4074.199,0,53.25
4075.2,0,53
4076.201,0,53
4077.202,0,53.25
4078.203,0,53
4079.204,0,53
4080.205,0,53.25
4081.206,0,53.25
4082.207,0,53
4083.208,0,53.25
4084.209,0,53
4085.21,0,53
4086.211,0,53.25
4087.212,0,53.25
4088.213,0,53.25
4089.214,0,53.25
4090.215,0,53.25
4091.216,0,53.25
4092.217,0,53.25
4093.218,0,53.25
4094.219,0,53
4095.22,0,53.25
4096.221,0,53.25
4097.222,0,53.25
4098.223,0,53.25
4099.224,0,53.25
4100.225,0,53.25
4101.226,0,53.25
4102.227,0,53
4103.228,0,53.25
4104.229,0,53.25
4105.23,0,53.25
4106.231,0,53.25
4107.232,0,53.25
4108.233,0,53.25
4109.234,0,53.25
4110.235,0,53.25
4111.236,0,53.25
4112.237,0,53.25
4113.238,0,53.25
4114.239,0,53.25
4115.24,0,53.25
4116.241,0,53.25
4117.242,0,53.25
4118.243,0,53.25
4119.244,0,53.25
4120.245,0,53.25
4121.246,0,53.25
4122.247,0,53.25
4123.248,0,53.25
4124.249,0,53.25
4125.25,0,53.25
4126.251,0,53.25
4127.252,0,53.25
4128.253,0,53.25
4129.254,0,53.25
4130.255,0,53.25
4131.256,0,53.25
4132.257,0,53.25
4133.258,0,53.25
4134.259,0,53.25
4135.26,0,53.25
4136.261,0,53.25
4137.262,0,53.25
4138.263,0,53.25
4139.264,0,53.25
4140.265,0,53.25
4141.266,0,53.25
4142.267,0,53.25
4143.268,0,53.25
4144.269,0,53.25
4145.27,0,53.25
4146.271,0,53.25
4147.272,0,53.25
4148.273,0,53.25
4149.274,0,53.25
4150.275,0,53.25
4151.276,0,53.25
4152.277,0,53.25
4153.278,0,53.25
4154.279,0,53.25
4155.28,0,53.25
4156.281,0,53.25
4157.282,0,53.25
4158.283,0,53.25
4159.284,0,53.25
4160.285,0,53.25
4161.286,0,53.25
4162.287,0,53.25
4163.288,0,53.25
4164.289,0,53.25
4165.29,0,53.25
4166.291,0,53.25
4167.292,0,53.25
4168.293,0,53.25
4169.294,0,53.25
4170.295,0,53.25
4171.296,0,53.25
4172.297,0,53.25
4173.298,0,53.25
4174.299,0,53.25
4175.3,0,53.25
4176.301,0,53.25
4177.302,0,53.25
4178.303,0,53.25
4179.304,0,53.25
4180.305,0,53.25
4181.306,0,53.25
4182.307,0,53.25
4183.308,0,53.25
4184.309,0,53.25
4185.31,0,53.25
4186.311,0,53.25
4187.312,0,53.25
4188.313,0,53.25
4189.314,0,53.25
4190.315,0,53.25
4191.316,0,53.25
4192.317,0,53.25
4193.318,0,53.25
4194.319,0,53.25
4195.32,0,53.25
4196.321,0,53.25
4197.322,0,53.25
4198.323,0,53.25
4199.324,0,53.25
4200.325,0,53.25
4201.326,0,53.25
4202.327,0,53.25
4203.328,0,53.25
4204.329,0,53.25
4205.33,0,53.25
4206.331,0,53.25
4207.332,0,53.25
4208.333,0,53.25
4209.334,0,53.25
4210.335,0,53.25
4211.336,0,53.25
4212.337,0,53.25
4213.338,0,53.25
4214.339,0,53.25
4215.34,0,53.25
4216.341,0,53.25
4217.342,0,53.25
4218.343,0,53.25
4219.344,0,53.25
4220.345,0,53.25
4221.346,0,53.25
4222.347,0,53.25
4223.348,0,53.25
4224.349,0,53.25
4225.35,0,53
4226.351,0,53.25
4227.352,0,53.25
4228.353,0,53.25
4229.354,0,53.25
4230.355,0,53.25
4231.356,0,53.25
4232.357,0,53.25
4233.358,0,53.25
4234.359,0,53
4235.36,0,53.25
4236.361,0,53
4237.362,0,53.25
4238.363,0,53.25
4239.364,0,53
4240.365,0,53
4241.366,0,53.25
4242.367,0,53.25
4243.368,0,53
4244.369,0,53.25
4245.37,0,53
4246.371,0,53.25
4247.372,0,53
4248.373,0,53
4249.374,0,53
4250.375,0,53
4251.376,0,53
4252.377,0,53.25
4253.378,0,53
4254.379,0,53
4255.38,0,53
4256.381,0,53
4257.382,0,53
4258.383,0,53.25
4259.384,0,53
4260.385,0,53
4261.386,0,53
4262.387,0,53
4263.388,0,53
4264.389,0,53
4265.39,0,53
4266.391,0,53
4267.392,0,53
4268.393,0,53
4269.394,0,53
4270.395,0,53
4271.396,0,53
4272.397,0,53
4273.398,0,53
4274.399,0,53
4275.4,0,53
4276.401,0,53
4277.402,0,53
4278.403,0,53
4279.404,0,53
4280.405,0,53
4281.406,0,53
4282.407,0,53
4283.408,0,53
4284.409,0,53
4285.41,0,53
4286.411,0,53
4287.412,0,53
4288.413,0,53
4289.414,0,53
4290.415,0,53
4291.416,0,53
4292.417,0,53
4293.418,0,53
4294.419,0,53
4295.42,0,53
4296.421,0,53
4297.422,0,53
4298.423,0,53
4299.424,0,53
4300.425,0,53
4301.426,0,53
4302.427,0,53
4303.428,0,52.75
4304.429,0,53
4305.43,0,53
4306.431,0,53
4307.432,0,53
4308.433,0,53
4309.434,0,53
4310.435,0,53
4311.436,0,53
4312.437,0,52.75
4313.438,0,52.75
4314.439,0,53
4315.44,0,53
4316.441,0,53
4317.442,0,53
4318.443,0,52.75
4319.444,0,52.75
4320.445,0,53
4321.446,0,53
4322.447,0,53
4323.448,0,53
4324.449,0,53
4325.45,0,52.75
4326.451,0,53
4327.452,0,52.75
4328.453,0,52.75
4329.454,0,52.75
4330.455,0,53
4331.456,0,53
4332.457,0,52.75
4333.458,0,53
4334.459,0,52.75
4335.46,0,52.75
4336.461,0,52.75
4337.462,0,52.75
4338.463,0,52.75
4339.464,0,52.75
4340.465,0,52.75
4341.466,0,52.75
4342.467,0,52.75
4343.468,0,52.75
4344.469,0.2,52.75
4345.47,0.2,52.75
4346.471,0.2,52.75
4347.472,0.2,52.75
4348.473,0.2,52.75
4349.474,0.2,52.75
4350.475,0.2,52.75
4351.476,0.2,52.75
4352.477,0.2,52.75
4353.478,0.2,52.75
4354.479,0.2,52.75
4355.48,0.2,52.75
4356.481,0.2,52.75
4357.482,0.2,52.75
4358.483,0.2,52.75
4359.484,0.2,52.75
4360.485,0.2,52.75
4361.486,0.2,52.75
4362.487,0.2,52.75
4363.488,0.2,52.75
4364.489,0.2,52.75
4365.49,0.2,52.75
4366.491,0.2,52.75
4367.492,0.2,52.75
4368.493,0.2,52.75
4369.494,0.2,52.75
4370.495,0.2,52.75
4371.496,0.2,52.75
4372.497,0.2,52.75
4373.498,0.2,52.75
4374.499,0.2,52.75
4375.5,0.2,52.75
4376.501,0.2,52.75
4377.502,0.2,52.75
4378.503,0,52.75
4379.504,0,52.75
4380.505,0,52.75
4381.506,0,52.75
4382.507,0,52.75
4383.508,0,52.75
4384.509,0,52.75
4385.51,0,52.75
4386.511,0,52.75
4387.512,0,52.75
4388.513,0,52.75
4389.514,0,52.75
4390.515,0,52.75
4391.516,0,52.75
4392.517,0,52.75
4393.518,0,52.75
4394.519,0,52.75
4395.52,0,52.75
4396.521,0,52.75
4397.522,0,52.75
4398.523,0,52.75
4399.524,0,52.75
4400.525,0,52.75
4401.526,0,52.75
4402.527,0,52.75
4403.528,0,52.5
4404.529,0,52.75
4405.53,0,52.75
4406.531,0,52.75
4407.532,0,52.75
4408.533,0,52.75
4409.534,0,52.75
4410.535,0,52.75
4411.536,0,52.75
4412.537,0,52.75
4413.538,0,52.75
4414.539,0,52.75
4415.54,0,52.75
4416.541,0,52.75
4417.542,0,52.5
4418.543,0,52.75
4419.544,0,52.75
4420.545,0,52.75
4421.546,0,52.75
4422.547,0,52.5
4423.548,0,52.75
4424.549,0,52.75
4425.55,0,52.75
4426.551,0,52.75
4427.552,0,52.75
4428.553,0,52.75
4429.554,0,52.75
4430.555,0,52.75
4431.556,0,52.75
4432.557,0,52.75
4433.558,0,52.75
4434.559,0,52.75
4435.56,0,52.75
4436.561,0,52.75
4437.562,0,52.75
4438.563,0,52.75
4439.564,0.2,52.5
4440.565,0.2,52.75
4441.566,0.2,52.5
4442.567,0.2,52.75
4443.568,0.2,52.75
4444.569,0.2,52.75
4445.57,0.2,52.75
4446.571,0.2,52.75
4447.572,0.2,52.75
4448.573,0.2,52.75
4449.574,0.2,52.75
4450.575,0.2,52.75
4451.576,0.2,52.75
4452.577,0.2,52.75
4453.578,0.2,52.75
4454.579,0.2,52.5
4455.58,0.2,52.75
4456.581,0.2,52.75
4457.582,0.2,52.5
4458.583,0.2,52.5
4459.584,0.2,52.75
4460.585,0.2,52.75
4461.586,0.2,52.75
4462.587,0.2,52.75
4463.588,0.2,52.5
4464.589,0.2,52.75
4465.59,0.2,52.75
4466.591,0.2,52.5
4467.592,0.2,52.5
4468.593,0.2,52.5
4469.594,0.2,52.75
4470.595,0.2,52.5
4471.596,0.2,52.5
4472.597,0.2,52.75
4473.598,0.2,52.75
4474.599,0.2,52.75
4475.6,0.2,52.75
4476.601,0.2,52.75
4477.602,0.2,52.5
4478.603,0.2,52.75
4479.604,0.2,52.75
4480.605,0.2,52.75
4481.606,0.2,52.5
4482.607,0.2,52.75
4483.608,0.2,52.75
4484.609,0.2,52.75
4485.61,0.2,52.5
4486.611,0.2,52.75
4487.612,0.2,52.5
4488.613,0.2,52.5
4489.614,0.2,52.5
4490.615,0.2,52.5
4491.616,0.2,52.75
4492.617,0.2,52.75
4493.618,0.2,52.75
4494.619,0.2,52.75
4495.62,0.2,52.75
4496.621,0.2,52.75
4497.622,0.2,52.75
4498.623,0.2,52.75
4499.624,0.2,52.75
4500.625,0.2,52.75
4501.626,0.2,52.5
4502.627,0,52.75
4503.628,0,52.75
4504.629,0,52.75
4505.63,0,52.75
4506.631,0,52.75
4507.632,0,52.75
4508.633,0,52.75
4509.634,0,52.75
4510.635,0,52.75
4511.636,0,52.75
4512.637,0,52.75
4513.638,0,52.75
4514.639,0,52.75
4515.64,0,52.75
4516.641,0,52.75
4517.642,0,52.75
4518.643,0,52.75
4519.644,0,52.75
4520.645,0,52.75
4521.646,0,52.75
4522.647,0,52.75
4523.648,0,52.75
4524.649,0,52.75
4525.65,0,52.75
4526.651,0,52.75
4527.652,0,52.75
4528.653,0,52.75
4529.654,0,52.75
4530.655,0,52.75
4531.656,0,52.75
4532.657,0,52.75
4533.658,0,52.75
4534.659,0,52.75
4535.66,0,52.75
4536.661,0,52.75
4537.662,0,52.75
4538.663,0,52.75
4539.664,0,52.75
4540.665,0,52.75
4541.666,0,52.75
4542.667,0,52.75
4543.668,0,53
4544.669,0,52.75
4545.67,0,52.75
4546.671,0,52.75
4547.672,0,52.75
4548.673,0,52.75
4549.674,0,52.75
4550.675,0,52.75
4551.676,0,52.75
4552.677,0,53
4553.678,0,53
4554.679,0,53
4555.68,0,53
4556.681,0,52.75
4557.682,0,52.75
4558.683,0,53
4559.684,0,53
4560.685,0,52.75
4561.686,0,53
4562.687,0,53
4563.688,0,53
4564.689,0,53
4565.69,0,53
4566.691,0,53
4567.692,0,53
4568.693,0,53
4569.694,0,53
4570.695,0,53
4571.696,0,53
4572.697,0,53
4573.698,0,53
4574.699,0,53
4575.7,0,53
4576.701,0,53
4577.702,0,53
4578.703,0,53
4579.704,0,53
4580.705,0,53
4581.706,0,53
4582.707,0,53
4583.708,0,53
4584.709,0,53
4585.71,0,53
4586.711,0,53
4587.712,0,53
4588.713,0,53
4589.714,0,53
4590.715,0,53
4591.716,0,53
4592.717,0,53
4593.718,0,53
4594.719,0,53
4595.72,0,53
4596.721,0,53
4597.722,0,53
4598.723,0,53
4599.724,0,53
4600.725,0,53
4601.726,0,53
4602.727,0,53
4603.728,0,53
4604.729,0,53
4605.73,0,53
4606.731,0,53
4607.732,0,53
4608.733,0,53
4609.734,0,53
4610.735,0,53
4611.736,0,53
4612.737,0,53
4613.738,0,53
4614.739,0,53
4615.74,0,53
4616.741,0,53
4617.742,0,53
4618.743,0,53
4619.744,0,53
4620.745,0,53
4621.746,0,53
4622.747,0,53
4623.748,0,53
4624.749,0,53
4625.75,0,53
4626.751,0,53
4627.752,0,53
4628.753,0,53
4629.754,0,53
4630.755,0,53
4631.756,0,53
4632.757,0,53
4633.758,0,53
4634.759,0,53
4635.76,0,53
4636.761,0,53
4637.762,0,53
4638.763,0,53
4639.764,0,53
4640.765,0,53
4641.766,0,53
4642.767,0,53
4643.768,0,53
4644.769,0,53
4645.77,0,53.25
4646.771,0,53
4647.772,0,53.25
4648.773,0,53
4649.774,0,53
4650.775,0,53
4651.776,0,53
4652.777,0,53
4653.778,0,53.25
4654.779,0,53
4655.78,0,53
4656.781,0,53
4657.782,0,53.25
4658.783,0,53
4659.784,0,53
4660.785,0,53
4661.786,0,53
4662.787,0,53
4663.788,0,53
4664.789,0,53
4665.79,0,53
4666.791,0,53
4667.792,0,53
4668.793,0,53
4669.794,0,53
4670.795,0,53
4671.796,0,53
4672.797,0,53
4673.798,0,53
4674.799,0,53
4675.8,0,53
4676.801,0,53
4677.802,0,53
4678.803,0,53
4679.804,0,53
4680.805,0,53
4681.806,0,53
4682.807,0,53
4683.808,0,53
4684.809,0,53
4685.81,0,53
4686.811,0,53
4687.812,0,53
4688.813,0,53
4689.814,0,53
4690.815,0,53
4691.816,0,53
4692.817,0,53
4693.818,0,53
4694.819,0,53
4695.82,0,53
4696.821,0,53
4697.822,0,53
4698.823,0,53
4699.824,0,53
4700.825,0,53
4701.826,0,53
4702.828,0,53
4703.828,0,53
4704.829,0,53
4705.831,0,53
4706.831,0,53
4707.832,0,53
4708.833,0,53
4709.834,0,53
4710.835,0,53
4711.836,0,53
4712.838,0,53
4713.838,0,53
4714.839,0,53
4715.84,0,53
4716.841,0,53
4717.842,0,53
4718.843,0,53
4719.844,0,53
4720.845,0,53
4721.846,0,53
4722.847,0,53
4723.848,0,53
4724.849,0,53
4725.85,0,53
4726.851,0,53
4727.852,0,53
4728.853,0,53
4729.854,0,53
4730.855,0,53
4731.856,0,53
4732.857,0,53
4733.858,0,53
4734.859,0,53
4735.86,0,53
4736.861,0,53
4737.862,0,53
4738.863,0,53
4739.864,0,53
4740.865,0,53
4741.866,0,53
4742.867,0,53
4743.868,0,53
4744.869,0,53
4745.87,0,53
4746.871,0,53
4747.872,0,53
4748.873,0,53
4749.874,0,53
4750.875,0,53
4751.876,0,53
4752.877,0,53
4753.878,0,53
4754.879,0,53
4755.88,0,53
4756.881,0,53
4757.882,0,53
4758.883,0,53
4759.884,0,53
4760.885,0,53
4761.886,0,53
4762.887,0,53
4763.888,0,53
4764.889,0,53
4765.89,0,53
4766.891,0,53
4767.892,0,52.75
4768.894,0,53
4769.894,0,52.75
4770.895,0,52.75
4771.896,0,52.75
4772.897,0,53
4773.898,0,53
4774.899,0,53
4775.9,0,53
4776.901,0,52.75
4777.902,0,52.75
4778.903,0,52.75
4779.904,0,52.75
4780.905,0,53
4781.906,0,53
4782.907,0,52.75
4783.908,0,53
4784.909,0,52.75
4785.91,0,52.75
4786.911,0,52.75
4787.912,0,52.75
4788.913,0,52.75
4789.914,0,52.75
4790.915,0,52.75
4791.916,0,52.75
4792.917,0,52.75
4793.918,0,52.75
4794.919,0.2,52.75
4795.92,0.2,52.75
4796.921,0.2,52.75
4797.922,0.2,52.75
4798.924,0.2,52.75
4799.924,0.2,52.75
4800.925,0.2,52.75
4801.926,0.2,52.75
4802.927,0.2,52.75
4803.928,0.2,52.75
4804.929,0.2,52.75
4805.93,0.2,52.75
4806.931,0.2,52.75
4807.932,0.2,52.75
4808.933,0.2,52.75
4809.934,0.2,52.75
4810.935,0.2,52.75
4811.936,0.2,52.75
4812.937,0.2,52.75
4813.939,0.2,52.75
4814.939,0.2,52.75
4815.94,0.2,52.75
4816.941,0.2,52.75
4817.943,0.2,52.75
4818.943,0.2,52.75
4819.944,0.2,52.75
4820.945,0.2,52.75
4821.946,0.2,52.75
4822.947,0.2,52.75
4823.948,0.2,52.75
4824.949,0.2,52.75
4825.95,0.2,52.75
4826.951,0.2,52.75
4827.953,0.2,52.75
4828.953,0.2,52.75
4829.954,0.2,52.75
4830.955,0.2,52.75
4831.956,0.2,52.75
4832.957,0.2,52.75
4833.958,0.2,52.75
4834.959,0.2,52.75
4835.96,0,52.75
4836.962,0,52.75
4837.962,0,52.75
4838.963,0,52.75
4839.964,0,52.75
4840.965,0,52.75
4841.966,0,52.75
4842.967,0,52.75
4843.968,0,52.75
4844.969,0,52.75
4845.97,0,52.75
4846.971,0,52.75
4847.972,0,52.75
4848.973,0,52.75
4849.974,0,52.75
4850.975,0,52.75
4851.976,0,52.75
4852.977,0,52.75
4853.978,0,52.75
4854.979,0,52.75
4855.98,0,52.75
4856.982,0,52.75
4857.982,0,52.75
4858.983,0,52.75
4859.984,0,52.75
4860.985,0,52.75
4861.986,0,52.75
4862.987,0,52.75
4863.988,0,52.75
4864.989,0,52.75
4865.99,0,52.75
4866.992,0,52.75
4867.992,0,52.75
4868.993,0,52.75
4869.994,0,52.75
4870.995,0,52.75
4871.996,0,52.75
4872.997,0,52.75
4873.998,0,52.75
4874.999,0,52.75
4876,0,52.5
4877.001,0,52.75
4878.002,0,52.75
4879.003,0,52.75
4880.004,0,52.75
4881.005,0,52.75
4882.006,0,52.75
4883.007,0,52.75
4884.008,0,52.75
4885.009,0,52.75
4886.01,0,52.75
4887.011,0,52.75
4888.012,0,52.75
4889.013,0,52.75
4890.014,0,52.75
4891.015,0,52.75
4892.016,0,52.75
4893.017,0,52.75
4894.018,0,52.75
4895.019,0,52.75
4896.02,0,52.75
4897.021,0.2,52.75
4898.022,0.2,52.75
4899.023,0.2,52.75
4900.024,0.2,52.75
4901.025,0.2,52.75
4902.026,0.2,52.75
4903.027,0.2,52.75
4904.028,0.2,52.75
4905.029,0.2,52.75
4906.03,0.2,52.75
4907.031,0.2,52.75
4908.032,0.2,52.75
4909.033,0.2,52.75
4910.034,0.2,52.75
4911.035,0.2,52.5
4912.036,0.2,52.75
4913.037,0.2,52.75
4914.038,0.2,52.75
4915.039,0.2,52.75
4916.04,0.2,52.75
4917.041,0.2,52.75
4918.042,0.2,52.75
4919.044,0.2,52.75
4920.044,0.2,52.75
4921.045,0.2,52.75
4922.046,0.2,52.75
4923.047,0.2,52.75
4924.048,0.2,52.75
4925.049,0.2,52.75
4926.05,0.2,52.75
4927.051,0.2,52.75
4928.052,0.2,52.75
4929.053,0.2,52.75
4930.054,0.2,52.75
4931.055,0.2,52.75
4932.056,0.2,52.75
4933.057,0.2,52.75
4934.058,0.2,52.75
4935.059,0.2,52.75
4936.06,0.2,52.75
4937.061,0.2,52.75
4938.063,0.2,52.75
4939.064,0.2,52.75
4940.065,0.2,52.75
4941.065,0.2,52.75
4942.067,0.2,52.75
4943.068,0.2,52.75
4944.068,0.2,52.75
4945.069,0.2,52.75
4946.07,0.2,52.75
4947.071,0.2,52.75
4948.072,0.2,52.75
4949.073,0.2,52.75
4950.074,0.2,52.75
4951.075,0.2,52.75
4952.076,0.2,52.75
4953.077,0.2,52.75
4954.078,0.2,52.75
4955.08,0.2,52.75
4956.08,0.2,52.75
4957.081,0.2,52.75
4958.082,0.2,52.75
4959.083,0.2,52.75
4960.084,0.2,52.75
4961.085,0.2,52.75
4962.086,0.2,52.75
4963.087,0.2,52.75
4964.088,0.2,52.75
4965.089,0,52.75
4966.09,0,52.75
4967.091,0,52.75
4968.092,0,52.75
4969.093,0,52.75
4970.094,0,52.75
4971.095,0,52.75
4972.096,0,52.75
4973.097,0,52.75
4974.098,0,52.75
4975.099,0,52.75
4976.1,0,52.75
4977.102,0,52.75
4978.103,0,53
4979.103,0,53
4980.105,0,53
4981.106,0,53
4982.107,0,52.75
4983.108,0,52.75
4984.109,0,53
4985.11,0,52.75
4986.11,0,53
4987.112,0,53
4988.112,0,53
4989.113,0,53
4990.114,0,53
4991.115,0,53
4992.116,0,53
4993.117,0,53
4994.118,0,53
4995.119,0,53
4996.12,0,53
4997.122,0,53
4998.123,0,53
4999.123,0,53
5000.124,0,53
5001.125,0,53
5002.126,0,53
5003.127,0,53
5004.128,0,53
5005.129,0,53
5006.13,0,53
5007.131,0,53
5008.132,0,53
5009.133,0,53
5010.134,0,53
5011.135,0,53
5012.136,0,53
5013.137,0,53
5014.138,0,53
5015.139,0,53
5016.14,0,53
5017.141,0,53
5018.142,0,53
5019.144,0,53
5020.145,0,53
5021.145,0,53
5022.147,0,53
5023.147,0,53
5024.148,0,53.25
5025.15,0,53.25
5026.151,0,53
5027.152,0,53
5028.153,0,53
5029.153,0,53
5030.155,0,53
5031.156,0,53
5032.157,0,53
5033.158,0,53.25
5034.159,0,53.25
5035.16,0,53.25
5036.161,0,53.25
5037.162,0,53
5038.163,0,53.25
5039.163,0,53.25
5040.165,0,53.25
5041.166,0,53.25
5042.167,0,53
5043.168,0,53.25
5044.169,0,53
5045.17,0,53.25
5046.171,0,53.25
5047.172,0,53.25
5048.173,0,53.25
5049.174,0,53.25
5050.175,0,53.25
5051.176,0,53.25
5052.177,0,53.25
5053.178,0,53.25
5054.179,0,53.25
5055.18,0,53.25
5056.181,0,53.25
5057.182,0,53.25
5058.183,0,53.25
5059.184,0,53.25
5060.185,0,53.25
5061.186,0,53.25
5062.187,0,53.25
5063.188,0,53.25
5064.189,0,53.25
5065.19,0,53.25
5066.191,0,53.25
5067.192,0,53.25
5068.193,0,53.25
5069.194,0,53.25
5070.195,0,53.25
5071.196,0,53.25
5072.197,0,53.25
5073.198,0,53.25
5074.199,0,53.25
5075.2,0,53.25
5076.201,0,53.25
5077.202,0,53.25
5078.203,0,53.25
5079.204,0,53.25
5080.205,0,53.25
5081.206,0,53.25
5082.207,0,53.25
5083.208,0,53.25
5084.209,0,53.25
5085.21,0,53.25
5086.211,0,53.25
5087.212,0,53.25
5088.213,0,53.25
5089.214,0,53.25
5090.215,0,53.25
5091.216,0,53.25
5092.217,0,53.25
5093.218,0,53.25
5094.219,0,53.25
5095.22,0,53.25
5096.221,0,53.25
5097.222,0,53.25
5098.223,0,53.25
5099.224,0,53.25
5100.225,0,53.25
5101.226,0,53.25
5102.227,0,53.25
5103.228,0,53.25
5104.229,0,53.25
5105.23,0,53.25
5106.231,0,53.25
5107.232,0,53.25
5108.233,0,53.25
5109.234,0,53.25
5110.235,0,53.25
5111.236,0,53.25
5112.237,0,53.25
5113.238,0,53.25
5114.239,0,53.25
5115.24,0,53.25
5116.241,0,53.25
5117.242,0,53.25
5118.243,0,53.25
5119.244,0,53.25
5120.245,0,53.25
5121.246,0,53.25
5122.247,0,53.25
5123.248,0,53.25
5124.249,0,53.25
5125.25,0,53.25
5126.251,0,53.25
5127.252,0,53.25
5128.253,0,53.25
5129.254,0,53.25
5130.255,0,53.25
5131.256,0,53.25
5132.257,0,53.25
5133.258,0,53.25
5134.259,0,53.25
5135.26,0,53.25
5136.261,0,53.25
5137.262,0,53.25
5138.263,0,53.25
5139.264,0,53.25
5140.265,0,53.25
5141.266,0,53.25
5142.267,0,53.25
5143.268,0,53.25
5144.269,0,53.25
5145.27,0,53.25
5146.271,0,53.25
5147.272,0,53.25
5148.273,0,53.25
5149.274,0,53.25
5150.275,0,53.25
5151.276,0,53.25
5152.277,0,53.25
5153.278,0,53.25
5154.279,0,53.25
5155.28,0,53.25
5156.281,0,53.25
5157.282,0,53.25
5158.283,0,53.25
5159.284,0,53.25
5160.285,0,53.25
5161.286,0,53.25
5162.287,0,53.25
5163.288,0,53.25
5164.289,0,53.25
5165.29,0,53.25
5166.291,0,53.25
5167.292,0,53.25
5168.293,0,53.25
5169.294,0,53.25
5170.295,0,53.25
5171.296,0,53.25
5172.297,0,53.25
5173.298,0,53.25
5174.299,0,53.25
5175.3,0,53.25
5176.301,0,53.25
5177.302,0,53.25
5178.303,0,53.25
5179.304,0,53.25
5180.305,0,53.25
5181.306,0,53.25
5182.307,0,53.25
5183.308,0,53.25
5184.309,0,53.25
5185.31,0,53.25
5186.311,0,53.25
5187.312,0,53.25
5188.313,0,53.25
5189.314,0,53.25
5190.315,0,53.25
5191.316,0,53.25
5192.317,0,53.25
5193.318,0,53.25
5194.319,0,53.25
5195.32,0,53.25
5196.321,0,53.25
5197.322,0,53.25
5198.323,0,53.25
5199.324,0,53.25
5200.325,0,53.25
5201.326,0,53.25
5202.327,0,53.25
5203.328,0,53.25
5204.329,0,53.25
5205.33,0,53.25
5206.331,0,53
5207.332,0,53.25
5208.333,0,53.25
5209.334,0,53.25
5210.335,0,53.25
5211.336,0,53.25
5212.337,0,53.25
5213.338,0,53.25
5214.339,0,53.25
5215.34,0,53
5216.341,0,53.25
5217.342,0,53.25
5218.343,0,53.25
5219.344,0,53
5220.345,0,53.25
5221.346,0,53.25
5222.347,0,53.25
5223.348,0,53
5224.349,0,53
5225.35,0,53
5226.351,0,53
5227.352,0,53
5228.353,0,53
5229.354,0,53
5230.355,0,53
5231.356,0,53
5232.357,0,53
5233.358,0,53
5234.359,0,53
5235.36,0,53.25
5236.361,0,53
5237.362,0,53
5238.363,0,53
5239.364,0,53
5240.365,0,53
5241.366,0,53
5242.367,0,53
5243.368,0,53
5244.369,0,53.25
5245.37,0,53
5246.371,0,53
5247.372,0,53
5248.373,0,53
5249.374,0,53
5250.375,0,53
5251.376,0,53
5252.377,0,53
5253.378,0,53
5254.379,0,53
5255.38,0,53
5256.381,0,53
5257.382,0,53
5258.383,0,53
5259.384,0,53
5260.385,0,53
5261.386,0,53
5262.387,0,53
5263.388,0,53
5264.389,0,53
5265.39,0,53
5266.391,0,53
5267.392,0,53
5268.393,0,53
5269.394,0,53
5270.395,0,53
5271.396,0,53
5272.397,0,53
5273.398,0,53
5274.399,0,53
5275.4,0,53
5276.401,0,53
5277.402,0,53
5278.403,0,53
5279.404,0,53
5280.405,0,53
5281.406,0,53
5282.407,0,53
5283.408,0,53
5284.409,0,53
5285.41,0,53
5286.411,0,53
5287.412,0,53
5288.413,0,53
5289.414,0,53
5290.415,0,53
5291.416,0,53
5292.417,0,53
5293.418,0,53
5294.419,0,53
5295.42,0,52.75
5296.421,0,53
5297.422,0,53
5298.423,0,53
5299.424,0,53
5300.425,0,53
5301.426,0,53
5302.427,0,53
5303.428,0,52.75
5304.429,0,53
5305.43,0,53
5306.431,0,52.75
5307.432,0,53
5308.433,0,53
5309.434,0,53